timestamp,open,high,low,close,volume,t,oi
2025-08-08T09:15:00+05:30,24544.25,24578.150390625,24541.30078125,24558.75,0,1754624700,0
2025-08-08T09:16:00+05:30,24559.55,24560.85,24546.35,24555.95,0,1754624760,0
2025-08-08T09:17:00+05:30,24555.9,24569.3,24552.35,24567.65,0,1754624820,0
2025-08-08T09:18:00+05:30,24569.25,24585.5,24563.4,24585.3,0,1754624880,0
2025-08-08T09:19:00+05:30,24582.9,24583.7,24575.3,24575.3,0,1754624940,0
2025-08-08T09:20:00+05:30,24573.35,24581.95,24568.5,24574.45,0,1754625000,0
2025-08-08T09:21:00+05:30,24576.4,24577.1,24564.35,24566.4,0,1754625060,0
2025-08-08T09:22:00+05:30,24566.85,24569.35,24557.45,24565.4,0,1754625120,0
2025-08-08T09:23:00+05:30,24564.25,24567.8,24559.35,24561.6,0,1754625180,0
2025-08-08T09:24:00+05:30,24561.4,24564.5,24557.85,24561,0,1754625240,0
2025-08-08T09:25:00+05:30,24560.4,24562.35,24553.65,24557.7,0,1754625300,0
2025-08-08T09:26:00+05:30,24557.75,24560.4,24551.6,24553.95,0,1754625360,0
2025-08-08T09:27:00+05:30,24554.2,24554.35,24543.4,24545.7,0,1754625420,0
2025-08-08T09:28:00+05:30,24545.8,24545.8,24525.349609375,24525.75,0,1754625480,0
2025-08-08T09:29:00+05:30,24525.8,24527.1,24514.349609375,24515.5,0,1754625540,0
2025-08-08T09:30:00+05:30,24514.95,24523.15,24511.849609375,24515.2,0,1754625600,0
2025-08-08T09:31:00+05:30,24515.5,24518.5,24503.30078125,24517.95,0,1754625660,0
2025-08-08T09:32:00+05:30,24517.75,24518.2,24510.7,24514.9,0,1754625720,0
2025-08-08T09:33:00+05:30,24515.1,24516.45,24510.45,24510.85,0,1754625780,0
2025-08-08T09:34:00+05:30,24510.8,24515.15,24509.2,24509.25,0,1754625840,0
2025-08-08T09:35:00+05:30,24509.2,24511.35,24501.900390625,24502.8,0,1754625900,0
2025-08-08T09:36:00+05:30,24503.05,24516.45,24501.69921875,24516.45,0,1754625960,0
2025-08-08T09:37:00+05:30,24516.55,24521,24516,24520.35,0,1754626020,0
2025-08-08T09:38:00+05:30,24521.1,24532.95,24517.3,24517.65,0,1754626080,0
2025-08-08T09:39:00+05:30,24517.75,24519.25,24512.3,24517,0,1754626140,0
2025-08-08T09:40:00+05:30,24517.55,24517.55,24508.85,24512.15,0,1754626200,0
2025-08-08T09:41:00+05:30,24511.8,24514,24504.1,24505.2,0,1754626260,0
2025-08-08T09:42:00+05:30,24505.25,24505.25,24496.19921875,24496.4,0,1754626320,0
2025-08-08T09:43:00+05:30,24497.8,24503.45,24495.94921875,24502.15,0,1754626380,0
2025-08-08T09:44:00+05:30,24502.55,24502.95,24498.05,24499.75,0,1754626440,0
2025-08-08T09:45:00+05:30,24500,24500.1,24490.599609375,24496.55,0,1754626500,0
2025-08-08T09:46:00+05:30,24495.95,24506.6,24495.95,24497.15,0,1754626560,0
2025-08-08T09:47:00+05:30,24497.45,24497.9,24489.150390625,24489.55,0,1754626620,0
2025-08-08T09:48:00+05:30,24490.25,24495.1,24489.55,24489.85,0,1754626680,0
2025-08-08T09:49:00+05:30,24489.85,24492.2,24483.900390625,24484.7,0,1754626740,0
2025-08-08T09:50:00+05:30,24484.05,24488.05,24481.150390625,24481.5,0,1754626800,0
2025-08-08T09:51:00+05:30,24481.5,24484.85,24479.69921875,24484.65,0,1754626860,0
2025-08-08T09:52:00+05:30,24485,24488.6,24478.150390625,24487.6,0,1754626920,0
2025-08-08T09:53:00+05:30,24487.75,24489.5,24480.35,24480.35,0,1754626980,0
2025-08-08T09:54:00+05:30,24481.15,24487.65,24476.80078125,24487.65,0,1754627040,0
2025-08-08T09:55:00+05:30,24487.8,24496.8,24487.8,24494.5,0,1754627100,0
2025-08-08T09:56:00+05:30,24494.1,24494.1,24479.5,24482.2,0,1754627160,0
2025-08-08T09:57:00+05:30,24482.95,24488.95,24480.95,24483.2,0,1754627220,0
2025-08-08T09:58:00+05:30,24482.65,24485.2,24478.85,24484.85,0,1754627280,0
2025-08-08T09:59:00+05:30,24484.4,24484.4,24476.19921875,24477.2,0,1754627340,0
2025-08-08T10:00:00+05:30,24477.15,24480.9,24469.05078125,24469.3,0,1754627400,0
2025-08-08T10:01:00+05:30,24470.35,24471.15,24462.55078125,24467.3,0,1754627460,0
2025-08-08T10:02:00+05:30,24467.7,24467.75,24459.55078125,24461.5,0,1754627520,0
2025-08-08T10:03:00+05:30,24462.1,24462.7,24456.099609375,24458.4,0,1754627580,0
2025-08-08T10:04:00+05:30,24458.05,24458.4,24451.44921875,24452.55,0,1754627640,0
2025-08-08T10:05:00+05:30,24452.6,24452.85,24447.599609375,24448.35,0,1754627700,0
2025-08-08T10:06:00+05:30,24448.55,24449.3,24444.349609375,24446.15,0,1754627760,0
2025-08-08T10:07:00+05:30,24445.85,24446.3,24437.55,24444.85,0,1754627820,0
2025-08-08T10:08:00+05:30,24443.6,24454.75,24442.4,24454.75,0,1754627880,0
2025-08-08T10:09:00+05:30,24455.05,24455.05,24449.5,24451.2,0,1754627940,0
2025-08-08T10:10:00+05:30,24451.35,24459.05,24451.1,24457.15,0,1754628000,0
2025-08-08T10:11:00+05:30,24456.55,24458.85,24455.1,24456.25,0,1754628060,0
2025-08-08T10:12:00+05:30,24456.05,24456.5,24446.45,24450.25,0,1754628120,0
2025-08-08T10:13:00+05:30,24450.5,24454.6,24448.55,24450,0,1754628180,0
2025-08-08T10:14:00+05:30,24450.6,24452.9,24448.6,24449.3,0,1754628240,0
2025-08-08T10:15:00+05:30,24448.35,24453.1,24447.2,24447.35,0,1754628300,0
2025-08-08T10:16:00+05:30,24447,24450.1,24443.2,24449.3,0,1754628360,0
2025-08-08T10:17:00+05:30,24448.75,24452.7,24448.7,24452.6,0,1754628420,0
2025-08-08T10:18:00+05:30,24452.35,24464.15,24452.35,24460,0,1754628480,0
2025-08-08T10:19:00+05:30,24460.25,24460.35,24456.25,24457.4,0,1754628540,0
2025-08-08T10:20:00+05:30,24457.15,24458.2,24448.15,24449.7,0,1754628600,0
2025-08-08T10:21:00+05:30,24448.8,24451.2,24443.15,24450.05,0,1754628660,0
2025-08-08T10:22:00+05:30,24450,24450.7,24446.45,24449.5,0,1754628720,0
2025-08-08T10:23:00+05:30,24451.35,24463.75,24449.75,24462.6,0,1754628780,0
2025-08-08T10:24:00+05:30,24462.75,24468.25,24460.75,24467.4,0,1754628840,0
2025-08-08T10:25:00+05:30,24466.5,24470.85,24461.7,24468.6,0,1754628900,0
2025-08-08T10:26:00+05:30,24468.85,24480.75,24468.6,24480.75,0,1754628960,0
2025-08-08T10:27:00+05:30,24480.65,24481.25,24470.05,24470.5,0,1754629020,0
2025-08-08T10:28:00+05:30,24470.05,24472.4,24466.3,24466.4,0,1754629080,0
2025-08-08T10:29:00+05:30,24466.1,24470,24464.5,24467.6,0,1754629140,0
2025-08-08T10:30:00+05:30,24467.6,24468.6,24460.95,24461.7,0,1754629200,0
2025-08-08T10:31:00+05:30,24461.7,24462.15,24449.2,24449.7,0,1754629260,0
2025-08-08T10:32:00+05:30,24449.85,24451,24435.44921875,24439.75,0,1754629320,0
2025-08-08T10:33:00+05:30,24440.8,24451.45,24440.8,24451,0,1754629380,0
2025-08-08T10:34:00+05:30,24450.6,24450.65,24442.3,24444.3,0,1754629440,0
2025-08-08T10:35:00+05:30,24443.35,24444.7,24438.5,24441.25,0,1754629500,0
2025-08-08T10:36:00+05:30,24440.7,24442.05,24438.5,24439.9,0,1754629560,0
2025-08-08T10:37:00+05:30,24439.5,24443.05,24439.05,24440.5,0,1754629620,0
2025-08-08T10:38:00+05:30,24440.1,24440.6,24437.05,24437.5,0,1754629680,0
2025-08-08T10:39:00+05:30,24437.85,24438.35,24434.5,24435.25,0,1754629740,0
2025-08-08T10:40:00+05:30,24435.15,24438.65,24432.69921875,24437.3,0,1754629800,0
2025-08-08T10:41:00+05:30,24436.55,24447.35,24436.35,24447.35,0,1754629860,0
2025-08-08T10:42:00+05:30,24447.7,24450.95,24443.95,24443.95,0,1754629920,0
2025-08-08T10:43:00+05:30,24444,24448.15,24438.2,24439,0,1754629980,0
2025-08-08T10:44:00+05:30,24439.5,24440.95,24437.2,24437.6,0,1754630040,0
2025-08-08T10:45:00+05:30,24437.75,24439.65,24435.2,24435.6,0,1754630100,0
2025-08-08T10:46:00+05:30,24435.6,24440.7,24434.2,24435.5,0,1754630160,0
2025-08-08T10:47:00+05:30,24435.8,24436.55,24427.150390625,24430.05,0,1754630220,0
2025-08-08T10:48:00+05:30,24430.25,24430.3,24423.44921875,24427.55,0,1754630280,0
2025-08-08T10:49:00+05:30,24427.4,24429.7,24425.85,24426.75,0,1754630340,0
2025-08-08T10:50:00+05:30,24427.35,24429.2,24425.45,24425.8,0,1754630400,0
2025-08-08T10:51:00+05:30,24425.8,24428.2,24421.30078125,24421.35,0,1754630460,0
2025-08-08T10:52:00+05:30,24422.05,24427.85,24419.25,24426.75,0,1754630520,0
2025-08-08T10:53:00+05:30,24427.4,24435.85,24425.95,24435.35,0,1754630580,0
2025-08-08T10:54:00+05:30,24435.05,24439.5,24433,24437.15,0,1754630640,0
2025-08-08T10:55:00+05:30,24437.05,24439.55,24436.1,24438.05,0,1754630700,0
2025-08-08T10:56:00+05:30,24438.25,24439.7,24432.55,24432.65,0,1754630760,0
2025-08-08T10:57:00+05:30,24432.9,24432.9,24424.8,24425.05,0,1754630820,0
2025-08-08T10:58:00+05:30,24425.55,24429.9,24425.25,24426.5,0,1754630880,0
2025-08-08T10:59:00+05:30,24426.55,24426.9,24408.30078125,24422.7,0,1754630940,0
2025-08-08T11:00:00+05:30,24422.85,24426.25,24418.85,24424.4,0,1754631000,0
2025-08-08T11:01:00+05:30,24424.65,24424.65,24420.9,24422,0,1754631060,0
2025-08-08T11:02:00+05:30,24421.3,24429.25,24418.8,24423.15,0,1754631120,0
2025-08-08T11:03:00+05:30,24424.05,24428.3,24420.1,24427.75,0,1754631180,0
2025-08-08T11:04:00+05:30,24427.9,24434.2,24426.9,24427.2,0,1754631240,0
2025-08-08T11:05:00+05:30,24427.6,24427.85,24422.4,24423.55,0,1754631300,0
2025-08-08T11:06:00+05:30,24423.5,24425.5,24422.7,24424.15,0,1754631360,0
2025-08-08T11:07:00+05:30,24424.75,24429.85,24423.5,24429.4,0,1754631420,0
2025-08-08T11:08:00+05:30,24429.3,24433.85,24429.05,24430.55,0,1754631480,0
2025-08-08T11:09:00+05:30,24430.7,24435.35,24429.4,24431.9,0,1754631540,0
2025-08-08T11:10:00+05:30,24430.95,24432.3,24428.15,24428.4,0,1754631600,0
2025-08-08T11:11:00+05:30,24428.8,24436.95,24428.45,24435.65,0,1754631660,0
2025-08-08T11:12:00+05:30,24436.05,24437.45,24433.4,24436.55,0,1754631720,0
2025-08-08T11:13:00+05:30,24436.8,24446.2,24435.5,24445.2,0,1754631780,0
2025-08-08T11:14:00+05:30,24445.15,24445.7,24439.5,24441.05,0,1754631840,0
2025-08-08T11:15:00+05:30,24441.8,24444.85,24438.35,24442.2,0,1754631900,0
2025-08-08T11:16:00+05:30,24443.05,24446.2,24440.55,24442.4,0,1754631960,0
2025-08-08T11:17:00+05:30,24442.05,24446.05,24442.05,24443.8,0,1754632020,0
2025-08-08T11:18:00+05:30,24445.55,24452.75,24442.7,24452.1,0,1754632080,0
2025-08-08T11:19:00+05:30,24452.55,24452.55,24449.55,24450.25,0,1754632140,0
2025-08-08T11:20:00+05:30,24450.4,24452.75,24447.6,24449.35,0,1754632200,0
2025-08-08T11:21:00+05:30,24449.75,24451.05,24448.05,24448.9,0,1754632260,0
2025-08-08T11:22:00+05:30,24449.25,24449.45,24443.7,24444.8,0,1754632320,0
2025-08-08T11:23:00+05:30,24443.1,24443.55,24431.2,24432.85,0,1754632380,0
2025-08-08T11:24:00+05:30,24432.75,24435.95,24430.3,24433.45,0,1754632440,0
2025-08-08T11:25:00+05:30,24433.55,24434.25,24431.05,24431.5,0,1754632500,0
2025-08-08T11:26:00+05:30,24431.95,24438.75,24430.75,24438.55,0,1754632560,0
2025-08-08T11:27:00+05:30,24438.65,24439.85,24434,24434,0,1754632620,0
2025-08-08T11:28:00+05:30,24434.45,24435.2,24432.25,24433.55,0,1754632680,0
2025-08-08T11:29:00+05:30,24433.75,24434.95,24432.55,24432.8,0,1754632740,0
2025-08-08T11:30:00+05:30,24432.45,24434.8,24427.45,24429.35,0,1754632800,0
2025-08-08T11:31:00+05:30,24430.2,24437.05,24430.2,24434.25,0,1754632860,0
2025-08-08T11:32:00+05:30,24434.1,24435,24430.8,24433.2,0,1754632920,0
2025-08-08T11:33:00+05:30,24432.95,24442.45,24429.5,24440.65,0,1754632980,0
2025-08-08T11:34:00+05:30,24440.95,24442,24437.4,24440.6,0,1754633040,0
2025-08-08T11:35:00+05:30,24441.6,24445.95,24439.6,24442.15,0,1754633100,0
2025-08-08T11:36:00+05:30,24441.8,24443.25,24439.15,24442.95,0,1754633160,0
2025-08-08T11:37:00+05:30,24442.65,24444.45,24439,24439,0,1754633220,0
2025-08-08T11:38:00+05:30,24439.5,24439.9,24428.15,24429.1,0,1754633280,0
2025-08-08T11:39:00+05:30,24428.5,24429.55,24427.1,24428.2,0,1754633340,0
2025-08-08T11:40:00+05:30,24428.05,24428.95,24423.15,24423.65,0,1754633400,0
2025-08-08T11:41:00+05:30,24423.85,24427.8,24422.3,24426.5,0,1754633460,0
2025-08-08T11:42:00+05:30,24426.8,24427.45,24422.8,24424.25,0,1754633520,0
2025-08-08T11:43:00+05:30,24424.15,24434.1,24423.6,24431.4,0,1754633580,0
2025-08-08T11:44:00+05:30,24431.35,24432.65,24427.55,24431.8,0,1754633640,0
2025-08-08T11:45:00+05:30,24432.15,24435.7,24427.95,24434.6,0,1754633700,0
2025-08-08T11:46:00+05:30,24434.7,24441.7,24433.85,24439.75,0,1754633760,0
2025-08-08T11:47:00+05:30,24440.2,24440.25,24433.15,24434.15,0,1754633820,0
2025-08-08T11:48:00+05:30,24433.75,24436.55,24432.35,24433.35,0,1754633880,0
2025-08-08T11:49:00+05:30,24433.5,24435,24429.2,24434.05,0,1754633940,0
2025-08-08T11:50:00+05:30,24433.95,24440,24430.85,24437.95,0,1754634000,0
2025-08-08T11:51:00+05:30,24438.55,24443.7,24437.3,24440.5,0,1754634060,0
2025-08-08T11:52:00+05:30,24441.25,24444.65,24440.1,24443.75,0,1754634120,0
2025-08-08T11:53:00+05:30,24444.35,24445.55,24441.95,24442.85,0,1754634180,0
2025-08-08T11:54:00+05:30,24442.6,24446.45,24440.65,24442.55,0,1754634240,0
2025-08-08T11:55:00+05:30,24442.8,24445.4,24441.15,24444.35,0,1754634300,0
2025-08-08T11:56:00+05:30,24444.55,24445.4,24441.35,24443.3,0,1754634360,0
2025-08-08T11:57:00+05:30,24443.2,24444.2,24436.8,24437,0,1754634420,0
2025-08-08T11:58:00+05:30,24438.3,24438.3,24416.3,24428.25,0,1754634480,0
2025-08-08T11:59:00+05:30,24428.9,24435.4,24427.7,24433.85,0,1754634540,0
2025-08-08T12:00:00+05:30,24434,24435.85,24427.2,24427.7,0,1754634600,0
2025-08-08T12:01:00+05:30,24428,24428.4,24423.95,24424.55,0,1754634660,0
2025-08-08T12:02:00+05:30,24424.35,24425.1,24407.69921875,24408.5,0,1754634720,0
2025-08-08T12:03:00+05:30,24409.3,24410.1,24405.5,24408.1,0,1754634780,0
2025-08-08T12:04:00+05:30,24408.7,24408.7,24403.19921875,24404.4,0,1754634840,0
2025-08-08T12:05:00+05:30,24405.1,24406.15,24402.25,24405.55,0,1754634900,0
2025-08-08T12:06:00+05:30,24405.9,24415.8,24405.7,24413.25,0,1754634960,0
2025-08-08T12:07:00+05:30,24413.55,24417.5,24412.95,24415.15,0,1754635020,0
2025-08-08T12:08:00+05:30,24414.95,24417.35,24413.5,24417.3,0,1754635080,0
2025-08-08T12:09:00+05:30,24417.7,24417.7,24414.5,24415.45,0,1754635140,0
2025-08-08T12:10:00+05:30,24415.2,24415.2,24407.1,24413.6,0,1754635200,0
2025-08-08T12:11:00+05:30,24413.7,24418.7,24413.7,24418.2,0,1754635260,0
2025-08-08T12:12:00+05:30,24418.8,24422.8,24416.7,24421.55,0,1754635320,0
2025-08-08T12:13:00+05:30,24421.3,24421.45,24416.95,24419.3,0,1754635380,0
2025-08-08T12:14:00+05:30,24420.45,24423.55,24418.75,24423.05,0,1754635440,0
2025-08-08T12:15:00+05:30,24422.6,24424,24419.3,24420.6,0,1754635500,0
2025-08-08T12:16:00+05:30,24419.85,24420.4,24415.2,24416.2,0,1754635560,0
2025-08-08T12:17:00+05:30,24416.15,24418.3,24411.8,24416.45,0,1754635620,0
2025-08-08T12:18:00+05:30,24415.7,24417.45,24414.05,24415.4,0,1754635680,0
2025-08-08T12:19:00+05:30,24416.8,24421.05,24415.95,24419.4,0,1754635740,0
2025-08-08T12:20:00+05:30,24419.35,24419.65,24415.2,24415.75,0,1754635800,0
2025-08-08T12:21:00+05:30,24415.75,24416.4,24411.6,24412.65,0,1754635860,0
2025-08-08T12:22:00+05:30,24412.65,24417.2,24412.25,24414.45,0,1754635920,0
2025-08-08T12:23:00+05:30,24414.45,24418.9,24413.9,24418.2,0,1754635980,0
2025-08-08T12:24:00+05:30,24418.15,24424,24417.4,24422.35,0,1754636040,0
2025-08-08T12:25:00+05:30,24422.3,24422.95,24415.9,24418.9,0,1754636100,0
2025-08-08T12:26:00+05:30,24419.4,24424.95,24418.05,24424.2,0,1754636160,0
2025-08-08T12:27:00+05:30,24424.1,24434.1,24423.2,24434.1,0,1754636220,0
2025-08-08T12:28:00+05:30,24433.2,24434.25,24426.3,24427.7,0,1754636280,0
2025-08-08T12:29:00+05:30,24427.75,24436.3,24427.15,24436.3,0,1754636340,0
2025-08-08T12:30:00+05:30,24435.95,24438.85,24434.2,24438.75,0,1754636400,0
2025-08-08T12:31:00+05:30,24437.95,24441.9,24436.5,24441.25,0,1754636460,0
2025-08-08T12:32:00+05:30,24441.15,24441.15,24435.4,24437.75,0,1754636520,0
2025-08-08T12:33:00+05:30,24437.25,24437.4,24430.3,24432.25,0,1754636580,0
2025-08-08T12:34:00+05:30,24432.95,24435.8,24430.95,24435.8,0,1754636640,0
2025-08-08T12:35:00+05:30,24435.25,24439.3,24433.75,24436.2,0,1754636700,0
2025-08-08T12:36:00+05:30,24435.65,24438.2,24430.7,24432.3,0,1754636760,0
2025-08-08T12:37:00+05:30,24431.8,24437.4,24430.5,24431.8,0,1754636820,0
2025-08-08T12:38:00+05:30,24431.9,24434.2,24425.35,24427.15,0,1754636880,0
2025-08-08T12:39:00+05:30,24427,24430.05,24424.35,24429.3,0,1754636940,0
2025-08-08T12:40:00+05:30,24428.75,24432.85,24426.35,24431.65,0,1754637000,0
2025-08-08T12:41:00+05:30,24431.35,24435.9,24431.1,24435.9,0,1754637060,0
2025-08-08T12:42:00+05:30,24435.8,24435.95,24431.8,24434.2,0,1754637120,0
2025-08-08T12:43:00+05:30,24434.05,24440.5,24432.75,24438.5,0,1754637180,0
2025-08-08T12:44:00+05:30,24438.45,24440.35,24434.9,24436.75,0,1754637240,0
2025-08-08T12:45:00+05:30,24436.6,24437.45,24434.05,24436.8,0,1754637300,0
2025-08-08T12:46:00+05:30,24436.55,24441.75,24434.65,24441.75,0,1754637360,0
2025-08-08T12:47:00+05:30,24441.85,24444.45,24438.9,24441.1,0,1754637420,0
2025-08-08T12:48:00+05:30,24441.05,24448.35,24439.95,24447,0,1754637480,0
2025-08-08T12:49:00+05:30,24447.6,24448.35,24443.85,24448.3,0,1754637540,0
2025-08-08T12:50:00+05:30,24451.05,24463.4,24448.55,24463.4,0,1754637600,0
2025-08-08T12:51:00+05:30,24463.6,24464.7,24455.3,24457.2,0,1754637660,0
2025-08-08T12:52:00+05:30,24456.6,24456.75,24452.15,24455.95,0,1754637720,0
2025-08-08T12:53:00+05:30,24456.6,24461.1,24455.05,24459.85,0,1754637780,0
2025-08-08T12:54:00+05:30,24459.15,24469.8,24458.6,24469.8,0,1754637840,0
2025-08-08T12:55:00+05:30,24471.55,24481.35,24468.9,24478.4,0,1754637900,0
2025-08-08T12:56:00+05:30,24478.25,24479.75,24473.85,24475.45,0,1754637960,0
2025-08-08T12:57:00+05:30,24474.65,24476.35,24469.35,24470.75,0,1754638020,0
2025-08-08T12:58:00+05:30,24470.6,24471.05,24461.25,24465.6,0,1754638080,0
2025-08-08T12:59:00+05:30,24465.25,24465.25,24456.65,24459.85,0,1754638140,0
2025-08-08T13:00:00+05:30,24459.3,24464.4,24455.95,24456.1,0,1754638200,0
2025-08-08T13:01:00+05:30,24455.9,24455.9,24446.7,24448.15,0,1754638260,0
2025-08-08T13:02:00+05:30,24447.85,24447.85,24439.1,24443.35,0,1754638320,0
2025-08-08T13:03:00+05:30,24442.85,24445.3,24441.15,24443.75,0,1754638380,0
2025-08-08T13:04:00+05:30,24443.3,24450.8,24440.75,24446.7,0,1754638440,0
2025-08-08T13:05:00+05:30,24446.7,24450.4,24444.25,24450.2,0,1754638500,0
2025-08-08T13:06:00+05:30,24449.45,24454.85,24447.85,24452.6,0,1754638560,0
2025-08-08T13:07:00+05:30,24452.3,24452.35,24436.1,24439.3,0,1754638620,0
2025-08-08T13:08:00+05:30,24439.5,24439.5,24419.55,24437,0,1754638680,0
2025-08-08T13:09:00+05:30,24436.95,24439.05,24434.2,24437,0,1754638740,0
2025-08-08T13:10:00+05:30,24436.6,24436.6,24427.1,24429.85,0,1754638800,0
2025-08-08T13:11:00+05:30,24430.55,24435.3,24429.8,24431.2,0,1754638860,0
2025-08-08T13:12:00+05:30,24432.2,24438,24428.45,24437.35,0,1754638920,0
2025-08-08T13:13:00+05:30,24436.5,24436.5,24430.8,24434.15,0,1754638980,0
2025-08-08T13:14:00+05:30,24433.35,24436.6,24431.85,24435.95,0,1754639040,0
2025-08-08T13:15:00+05:30,24435.9,24442.6,24434.15,24442.6,0,1754639100,0
2025-08-08T13:16:00+05:30,24442.1,24451.95,24441.75,24451.95,0,1754639160,0
2025-08-08T13:17:00+05:30,24451,24453.1,24442.25,24444.45,0,1754639220,0
2025-08-08T13:18:00+05:30,24444.05,24445.25,24437.9,24439.7,0,1754639280,0
2025-08-08T13:19:00+05:30,24439.1,24443.6,24437.8,24439.15,0,1754639340,0
2025-08-08T13:20:00+05:30,24438.6,24445.35,24436.2,24443.8,0,1754639400,0
2025-08-08T13:21:00+05:30,24443.25,24445,24440.75,24444.45,0,1754639460,0
2025-08-08T13:22:00+05:30,24444.05,24444.05,24438.05,24439.4,0,1754639520,0
2025-08-08T13:23:00+05:30,24438.5,24440.8,24436.15,24438.95,0,1754639580,0
2025-08-08T13:24:00+05:30,24438.5,24440.7,24437.25,24440.2,0,1754639640,0
2025-08-08T13:25:00+05:30,24439.2,24440.35,24432.95,24433,0,1754639700,0
2025-08-08T13:26:00+05:30,24432,24433.6,24429.3,24431.8,0,1754639760,0
2025-08-08T13:27:00+05:30,24431.3,24431.6,24426.65,24430.05,0,1754639820,0
2025-08-08T13:28:00+05:30,24429.7,24429.7,24417.85,24423.15,0,1754639880,0
2025-08-08T13:29:00+05:30,24422.45,24426.7,24421.65,24425.6,0,1754639940,0
2025-08-08T13:30:00+05:30,24424.6,24428.55,24418,24427.85,0,1754640000,0
2025-08-08T13:31:00+05:30,24428.4,24441.65,24427.05,24440.2,0,1754640060,0
2025-08-08T13:32:00+05:30,24440.95,24452.6,24438.7,24450.2,0,1754640120,0
2025-08-08T13:33:00+05:30,24449.2,24449.45,24442,24443.1,0,1754640180,0
2025-08-08T13:34:00+05:30,24442.4,24451.15,24440.8,24451.15,0,1754640240,0
2025-08-08T13:35:00+05:30,24450.1,24454.6,24447.7,24449.4,0,1754640300,0
2025-08-08T13:36:00+05:30,24448.8,24455.35,24447,24452.65,0,1754640360,0
2025-08-08T13:37:00+05:30,24451.55,24452.15,24446.1,24447.3,0,1754640420,0
2025-08-08T13:38:00+05:30,24446.9,24455.2,24443.65,24454.5,0,1754640480,0
2025-08-08T13:39:00+05:30,24455.75,24461.15,24454.85,24457.35,0,1754640540,0
2025-08-08T13:40:00+05:30,24458.2,24459,24452.3,24455.85,0,1754640600,0
2025-08-08T13:41:00+05:30,24455.35,24457.45,24447.35,24457.45,0,1754640660,0
2025-08-08T13:42:00+05:30,24456.8,24462.4,24455.35,24462.4,0,1754640720,0
2025-08-08T13:43:00+05:30,24461.2,24463.5,24455.8,24455.8,0,1754640780,0
2025-08-08T13:44:00+05:30,24457.2,24459.1,24456.1,24457.75,0,1754640840,0
2025-08-08T13:45:00+05:30,24457.4,24457.45,24449.7,24451.75,0,1754640900,0
2025-08-08T13:46:00+05:30,24452.05,24452.05,24440.5,24445.65,0,1754640960,0
2025-08-08T13:47:00+05:30,24445.1,24447.95,24435.1,24437.95,0,1754641020,0
2025-08-08T13:48:00+05:30,24437.45,24438.1,24418.3,24432.35,0,1754641080,0
2025-08-08T13:49:00+05:30,24431.6,24433.45,24428.5,24430.95,0,1754641140,0
2025-08-08T13:50:00+05:30,24430.8,24431.05,24426.6,24431.05,0,1754641200,0
2025-08-08T13:51:00+05:30,24430.7,24435.8,24426.3,24435.8,0,1754641260,0
2025-08-08T13:52:00+05:30,24435.8,24438.35,24427.45,24431.9,0,1754641320,0
2025-08-08T13:53:00+05:30,24430.9,24431.25,24427.25,24431.25,0,1754641380,0
2025-08-08T13:54:00+05:30,24430.45,24430.65,24427.35,24428.25,0,1754641440,0
2025-08-08T13:55:00+05:30,24428.05,24429.2,24424.55,24426.4,0,1754641500,0
2025-08-08T13:56:00+05:30,24426.55,24429.25,24423.95,24428.6,0,1754641560,0
2025-08-08T13:57:00+05:30,24428.35,24428.35,24423.35,24427.15,0,1754641620,0
2025-08-08T13:58:00+05:30,24426.25,24426.25,24421.9,24423.4,0,1754641680,0
2025-08-08T13:59:00+05:30,24422.95,24424.75,24418.65,24424.75,0,1754641740,0
2025-08-08T14:00:00+05:30,24424.35,24442.15,24423.95,24439.6,0,1754641800,0
2025-08-08T14:01:00+05:30,24439.55,24445.55,24437.8,24445.55,0,1754641860,0
2025-08-08T14:02:00+05:30,24445.35,24449.45,24437.65,24437.65,0,1754641920,0
2025-08-08T14:03:00+05:30,24438.85,24440.15,24430.15,24431.9,0,1754641980,0
2025-08-08T14:04:00+05:30,24432.15,24435.3,24430.7,24433.3,0,1754642040,0
2025-08-08T14:05:00+05:30,24433.7,24436.7,24432.3,24432.9,0,1754642100,0
2025-08-08T14:06:00+05:30,24434,24435.6,24430.4,24432.85,0,1754642160,0
2025-08-08T14:07:00+05:30,24432.6,24432.6,24425.4,24427.35,0,1754642220,0
2025-08-08T14:08:00+05:30,24426.65,24428.25,24422.5,24428.25,0,1754642280,0
2025-08-08T14:09:00+05:30,24427.65,24430.85,24426.45,24428.8,0,1754642340,0
2025-08-08T14:10:00+05:30,24428.45,24428.5,24425.15,24427.3,0,1754642400,0
2025-08-08T14:11:00+05:30,24426.75,24428.65,24419,24421.4,0,1754642460,0
2025-08-08T14:12:00+05:30,24421.2,24421.25,24391.80078125,24392.95,0,1754642520,0
2025-08-08T14:13:00+05:30,24393.9,24410.9,24388.150390625,24410.1,0,1754642580,0
2025-08-08T14:14:00+05:30,24409.1,24413.55,24405.55,24413.05,0,1754642640,0
2025-08-08T14:15:00+05:30,24412.9,24413.65,24408.95,24410.2,0,1754642700,0
2025-08-08T14:16:00+05:30,24409.75,24426.35,24406.6,24425.1,0,1754642760,0
2025-08-08T14:17:00+05:30,24424.55,24430.7,24423.05,24427.1,0,1754642820,0
2025-08-08T14:18:00+05:30,24427.9,24433.95,24426,24433.95,0,1754642880,0
2025-08-08T14:19:00+05:30,24433.15,24434.85,24430.55,24432.5,0,1754642940,0
2025-08-08T14:20:00+05:30,24432.15,24432.5,24425.35,24429.55,0,1754643000,0
2025-08-08T14:21:00+05:30,24429,24432.85,24424.55,24427.05,0,1754643060,0
2025-08-08T14:22:00+05:30,24425.95,24430.9,24425,24430.9,0,1754643120,0
2025-08-08T14:23:00+05:30,24430.35,24432.85,24426,24427.25,0,1754643180,0
2025-08-08T14:24:00+05:30,24426.65,24428.75,24424.25,24425.15,0,1754643240,0
2025-08-08T14:25:00+05:30,24424.55,24424.75,24410.15,24412.7,0,1754643300,0
2025-08-08T14:26:00+05:30,24412.35,24414.3,24409.1,24412.05,0,1754643360,0
2025-08-08T14:27:00+05:30,24411.05,24411.05,24402.55,24403.55,0,1754643420,0
2025-08-08T14:28:00+05:30,24403.15,24405.25,24399.5,24400.25,0,1754643480,0
2025-08-08T14:29:00+05:30,24400.15,24401.95,24395,24401.5,0,1754643540,0
2025-08-08T14:30:00+05:30,24401.45,24407.25,24397.35,24407.2,0,1754643600,0
2025-08-08T14:31:00+05:30,24406.5,24406.5,24398.95,24401.55,0,1754643660,0
2025-08-08T14:32:00+05:30,24402.15,24405.65,24383.650390625,24389.3,0,1754643720,0
2025-08-08T14:33:00+05:30,24389,24408.55,24382.69921875,24408.55,0,1754643780,0
2025-08-08T14:34:00+05:30,24408.85,24408.9,24401,24404.55,0,1754643840,0
2025-08-08T14:35:00+05:30,24404.55,24415.05,24403,24413.75,0,1754643900,0
2025-08-08T14:36:00+05:30,24412.95,24413.45,24408.5,24408.6,0,1754643960,0
2025-08-08T14:37:00+05:30,24407.9,24412.1,24403.4,24405.65,0,1754644020,0
2025-08-08T14:38:00+05:30,24405.45,24409.9,24402.65,24409.9,0,1754644080,0
2025-08-08T14:39:00+05:30,24411.05,24411.25,24404.85,24411.05,0,1754644140,0
2025-08-08T14:40:00+05:30,24410.55,24415.4,24407.65,24413.6,0,1754644200,0
2025-08-08T14:41:00+05:30,24413.9,24419.15,24411.05,24419.15,0,1754644260,0
2025-08-08T14:42:00+05:30,24418.9,24424.9,24418.2,24424.1,0,1754644320,0
2025-08-08T14:43:00+05:30,24423.45,24423.7,24419.05,24422.3,0,1754644380,0
2025-08-08T14:44:00+05:30,24421.85,24422.05,24415.1,24418.4,0,1754644440,0
2025-08-08T14:45:00+05:30,24418.6,24421.95,24416.5,24419.55,0,1754644500,0
2025-08-08T14:46:00+05:30,24419.95,24420.6,24410.55,24411.35,0,1754644560,0
2025-08-08T14:47:00+05:30,24410.85,24411.15,24406.55,24410.5,0,1754644620,0
2025-08-08T14:48:00+05:30,24410,24411.2,24405.55,24410.6,0,1754644680,0
2025-08-08T14:49:00+05:30,24410.25,24418.8,24410.1,24415.25,0,1754644740,0
2025-08-08T14:50:00+05:30,24415,24415.15,24410.05,24412.25,0,1754644800,0
2025-08-08T14:51:00+05:30,24412.1,24414.4,24407.75,24411.55,0,1754644860,0
2025-08-08T14:52:00+05:30,24411,24413,24407.55,24413,0,1754644920,0
2025-08-08T14:53:00+05:30,24412.3,24413.2,24405.85,24409.4,0,1754644980,0
2025-08-08T14:54:00+05:30,24409.55,24410.35,24406.65,24408.65,0,1754645040,0
2025-08-08T14:55:00+05:30,24408.15,24409.6,24405.6,24406.65,0,1754645100,0
2025-08-08T14:56:00+05:30,24406.65,24409.1,24400.5,24407.65,0,1754645160,0
2025-08-08T14:57:00+05:30,24407.85,24407.9,24402.35,24404.65,0,1754645220,0
2025-08-08T14:58:00+05:30,24404.85,24405.7,24401.75,24403.95,0,1754645280,0
2025-08-08T14:59:00+05:30,24405.05,24407.3,24403.35,24407.15,0,1754645340,0
2025-08-08T15:00:00+05:30,24406.8,24407.35,24395.6,24399.7,0,1754645400,0
2025-08-08T15:01:00+05:30,24400.3,24400.5,24392.25,24394.15,0,1754645460,0
2025-08-08T15:02:00+05:30,24394.7,24395.6,24390.2,24390.85,0,1754645520,0
2025-08-08T15:03:00+05:30,24391.05,24391.25,24383.25,24387.9,0,1754645580,0
2025-08-08T15:04:00+05:30,24388.85,24396.6,24387.3,24396.5,0,1754645640,0
2025-08-08T15:05:00+05:30,24396.6,24396.95,24392.45,24393.35,0,1754645700,0
2025-08-08T15:06:00+05:30,24393.7,24399.35,24393,24395.5,0,1754645760,0
2025-08-08T15:07:00+05:30,24395.5,24397.2,24392.4,24394.3,0,1754645820,0
2025-08-08T15:08:00+05:30,24394.1,24394.2,24386.45,24387.55,0,1754645880,0
2025-08-08T15:09:00+05:30,24387.8,24389.7,24375.69921875,24376.8,0,1754645940,0
2025-08-08T15:10:00+05:30,24378.85,24386.15,24375.30078125,24376.8,0,1754646000,0
2025-08-08T15:11:00+05:30,24376.55,24376.55,24371.400390625,24372.9,0,1754646060,0
2025-08-08T15:12:00+05:30,24372.85,24373,24345.150390625,24347.4,0,1754646120,0
2025-08-08T15:13:00+05:30,24347.3,24348.65,24337.5,24340.9,0,1754646180,0
2025-08-08T15:14:00+05:30,24343.4,24350.95,24342.55,24349.2,0,1754646240,0
2025-08-08T15:15:00+05:30,24348.9,24365.35,24342.05,24363,0,1754646300,0
2025-08-08T15:16:00+05:30,24363,24363.75,24348.05,24352.1,0,1754646360,0
2025-08-08T15:17:00+05:30,24353.05,24356.1,24347.65,24353.8,0,1754646420,0
2025-08-08T15:18:00+05:30,24354.2,24354.2,24346.85,24349.45,0,1754646480,0
2025-08-08T15:19:00+05:30,24349.4,24350.45,24342.75,24345.2,0,1754646540,0
2025-08-08T15:20:00+05:30,24345.45,24347.25,24339.2,24344.7,0,1754646600,0
2025-08-08T15:21:00+05:30,24345.05,24348,24343.05,24347.5,0,1754646660,0
2025-08-08T15:22:00+05:30,24347.8,24348.45,24345.05,24345.4,0,1754646720,0
2025-08-08T15:23:00+05:30,24345.75,24346.95,24343.25,24346.7,0,1754646780,0
2025-08-08T15:24:00+05:30,24347.1,24347.65,24342.15,24347.65,0,1754646840,0
2025-08-08T15:25:00+05:30,24348.05,24354.95,24346.15,24352.15,0,1754646900,0
2025-08-08T15:26:00+05:30,24351.85,24354.45,24348.2,24348.65,0,1754646960,0
2025-08-08T15:27:00+05:30,24350,24350.05,24345.65,24349.05,0,1754647020,0
2025-08-08T15:28:00+05:30,24350.95,24351.95,24346.05,24349.95,0,1754647080,0
2025-08-08T15:29:00+05:30,24345.85,24356.35,24345.85,24350.85,0,1754647140,0
2025-08-11T09:15:00+05:30,24371.5,24386.75,24347.44921875,24360.65,0,1754883900,0
2025-08-11T09:16:00+05:30,24361.25,24388.44921875,24361.25,24379.65,0,1754883960,0
2025-08-11T09:17:00+05:30,24380.2,24384.95,24368.9,24383.75,0,1754884020,0
2025-08-11T09:18:00+05:30,24384.05,24401.349609375,24384.05,24397.75,0,1754884080,0
2025-08-11T09:19:00+05:30,24398.45,24405.150390625,24396.75,24401.5,0,1754884140,0
2025-08-11T09:20:00+05:30,24401.2,24412.400390625,24399,24410.85,0,1754884200,0
2025-08-11T09:21:00+05:30,24410.85,24411.55,24402.05,24404.3,0,1754884260,0
2025-08-11T09:22:00+05:30,24404.05,24415.69921875,24403.2,24408.3,0,1754884320,0
2025-08-11T09:23:00+05:30,24408.2,24419.150390625,24407.8,24413.8,0,1754884380,0
2025-08-11T09:24:00+05:30,24415.15,24417.7,24405.1,24408.9,0,1754884440,0
2025-08-11T09:25:00+05:30,24409.6,24419.1,24406.95,24417.35,0,1754884500,0
2025-08-11T09:26:00+05:30,24416.95,24426.30078125,24416.95,24421.3,0,1754884560,0
2025-08-11T09:27:00+05:30,24421.35,24428.400390625,24420.7,24424.2,0,1754884620,0
2025-08-11T09:28:00+05:30,24424.15,24426.6,24413.6,24415.2,0,1754884680,0
2025-08-11T09:29:00+05:30,24414.75,24414.75,24397.6,24401.45,0,1754884740,0
2025-08-11T09:30:00+05:30,24400.9,24406.75,24387.95,24388.6,0,1754884800,0
2025-08-11T09:31:00+05:30,24387.35,24387.4,24361.4,24369.5,0,1754884860,0
2025-08-11T09:32:00+05:30,24370.75,24384.15,24369.05,24383.85,0,1754884920,0
2025-08-11T09:33:00+05:30,24381.8,24391.3,24379.45,24390.75,0,1754884980,0
2025-08-11T09:34:00+05:30,24390.7,24419.9,24389.15,24418.15,0,1754885040,0
2025-08-11T09:35:00+05:30,24417.85,24419,24407.8,24412.4,0,1754885100,0
2025-08-11T09:36:00+05:30,24411.75,24414.95,24408.25,24413.6,0,1754885160,0
2025-08-11T09:37:00+05:30,24411.95,24413.35,24394.3,24396.1,0,1754885220,0
2025-08-11T09:38:00+05:30,24395.7,24395.95,24382.45,24388.05,0,1754885280,0
2025-08-11T09:39:00+05:30,24388.05,24388.95,24372.9,24376.8,0,1754885340,0
2025-08-11T09:40:00+05:30,24376.05,24379.2,24372.8,24376.9,0,1754885400,0
2025-08-11T09:41:00+05:30,24378.45,24385.9,24373.4,24373.4,0,1754885460,0
2025-08-11T09:42:00+05:30,24373.6,24378.55,24367.45,24371.15,0,1754885520,0
2025-08-11T09:43:00+05:30,24371.45,24390.05,24371.45,24379.6,0,1754885580,0
2025-08-11T09:44:00+05:30,24378.85,24381.25,24376.5,24381.25,0,1754885640,0
2025-08-11T09:45:00+05:30,24381,24382.85,24375.35,24382.85,0,1754885700,0
2025-08-11T09:46:00+05:30,24383,24384.55,24368.7,24372.7,0,1754885760,0
2025-08-11T09:47:00+05:30,24373,24373.9,24365.8,24368.3,0,1754885820,0
2025-08-11T09:48:00+05:30,24368.4,24372.6,24365.7,24365.8,0,1754885880,0
2025-08-11T09:49:00+05:30,24366.55,24367.35,24356.15,24356.85,0,1754885940,0
2025-08-11T09:50:00+05:30,24358.5,24373,24358.25,24367.5,0,1754886000,0
2025-08-11T09:51:00+05:30,24367.65,24371.4,24365.4,24366.15,0,1754886060,0
2025-08-11T09:52:00+05:30,24365.8,24370.75,24364.25,24369.8,0,1754886120,0
2025-08-11T09:53:00+05:30,24369.75,24388.5,24369.6,24387.75,0,1754886180,0
2025-08-11T09:54:00+05:30,24387.4,24396.35,24386.65,24395.5,0,1754886240,0
2025-08-11T09:55:00+05:30,24396,24402.55,24394.4,24395,0,1754886300,0
2025-08-11T09:56:00+05:30,24395.15,24398.7,24392.55,24397.55,0,1754886360,0
2025-08-11T09:57:00+05:30,24397.6,24405.1,24397.6,24403.6,0,1754886420,0
2025-08-11T09:58:00+05:30,24404.15,24405.65,24394.8,24395.75,0,1754886480,0
2025-08-11T09:59:00+05:30,24395.4,24403.75,24394.65,24399.8,0,1754886540,0
2025-08-11T10:00:00+05:30,24400.35,24411.3,24400.35,24410.75,0,1754886600,0
2025-08-11T10:01:00+05:30,24411.2,24415.65,24411.15,24413.9,0,1754886660,0
2025-08-11T10:02:00+05:30,24414.35,24414.8,24408.25,24410.25,0,1754886720,0
2025-08-11T10:03:00+05:30,24410.85,24413.85,24409.1,24409.85,0,1754886780,0
2025-08-11T10:04:00+05:30,24409.45,24414.65,24408.2,24411.05,0,1754886840,0
2025-08-11T10:05:00+05:30,24411.75,24413.3,24406.8,24407.6,0,1754886900,0
2025-08-11T10:06:00+05:30,24408.35,24414.25,24407.3,24412.1,0,1754886960,0
2025-08-11T10:07:00+05:30,24412.1,24412.7,24404.8,24409.3,0,1754887020,0
2025-08-11T10:08:00+05:30,24409.8,24410.4,24398.1,24399.2,0,1754887080,0
2025-08-11T10:09:00+05:30,24398.5,24406.85,24396.8,24403.15,0,1754887140,0
2025-08-11T10:10:00+05:30,24403.1,24409.3,24401.6,24408.75,0,1754887200,0
2025-08-11T10:11:00+05:30,24408.5,24408.5,24382,24402.4,0,1754887260,0
2025-08-11T10:12:00+05:30,24401.95,24404,24395.4,24396.1,0,1754887320,0
2025-08-11T10:13:00+05:30,24396.25,24403.2,24393.35,24400.05,0,1754887380,0
2025-08-11T10:14:00+05:30,24399.85,24410.8,24399.2,24410.45,0,1754887440,0
2025-08-11T10:15:00+05:30,24410.8,24422.85,24410.7,24412.8,0,1754887500,0
2025-08-11T10:16:00+05:30,24412.95,24413,24404.35,24409.15,0,1754887560,0
2025-08-11T10:17:00+05:30,24409.65,24417.95,24408.05,24415.45,0,1754887620,0
2025-08-11T10:18:00+05:30,24415.5,24425.5,24415.2,24424.9,0,1754887680,0
2025-08-11T10:19:00+05:30,24424.9,24425.95,24419.15,24421.4,0,1754887740,0
2025-08-11T10:20:00+05:30,24421.45,24421.95,24413.9,24415.95,0,1754887800,0
2025-08-11T10:21:00+05:30,24415.5,24415.5,24406.25,24409.35,0,1754887860,0
2025-08-11T10:22:00+05:30,24409.65,24417.25,24409.65,24413.3,0,1754887920,0
2025-08-11T10:23:00+05:30,24413.35,24424.8,24412.1,24424,0,1754887980,0
2025-08-11T10:24:00+05:30,24423.45,24435.05078125,24423.45,24433.7,0,1754888040,0
2025-08-11T10:25:00+05:30,24433.85,24437,24432.15,24433,0,1754888100,0
2025-08-11T10:26:00+05:30,24433.75,24439.19921875,24433.35,24437.9,0,1754888160,0
2025-08-11T10:27:00+05:30,24438.45,24440.19921875,24434.95,24436.55,0,1754888220,0
2025-08-11T10:28:00+05:30,24437.1,24438.15,24431.6,24437.1,0,1754888280,0
2025-08-11T10:29:00+05:30,24437.45,24442.150390625,24436.15,24441.35,0,1754888340,0
2025-08-11T10:30:00+05:30,24441.7,24445.30078125,24437.95,24438.2,0,1754888400,0
2025-08-11T10:31:00+05:30,24438.45,24451.5,24438.45,24449.5,0,1754888460,0
2025-08-11T10:32:00+05:30,24449.55,24452.94921875,24445.75,24448.5,0,1754888520,0
2025-08-11T10:33:00+05:30,24448.7,24448.7,24428.8,24440.3,0,1754888580,0
2025-08-11T10:34:00+05:30,24439.95,24447.65,24438.35,24445.9,0,1754888640,0
2025-08-11T10:35:00+05:30,24445.9,24450.9,24443.75,24450.1,0,1754888700,0
2025-08-11T10:36:00+05:30,24450.3,24455.650390625,24445.65,24448.05,0,1754888760,0
2025-08-11T10:37:00+05:30,24449.65,24451.25,24446.85,24448.05,0,1754888820,0
2025-08-11T10:38:00+05:30,24448.45,24455.900390625,24447.6,24454.2,0,1754888880,0
2025-08-11T10:39:00+05:30,24454.35,24460,24452.1,24458.1,0,1754888940,0
2025-08-11T10:40:00+05:30,24457.95,24460.19921875,24455.45,24457.3,0,1754889000,0
2025-08-11T10:41:00+05:30,24456.9,24459.55,24454.35,24455.75,0,1754889060,0
2025-08-11T10:42:00+05:30,24455.7,24457.25,24451.55,24454.15,0,1754889120,0
2025-08-11T10:43:00+05:30,24454.4,24454.7,24446.45,24447.85,0,1754889180,0
2025-08-11T10:44:00+05:30,24448.35,24453.05,24447.85,24448.8,0,1754889240,0
2025-08-11T10:45:00+05:30,24448.75,24457,24448.55,24454.2,0,1754889300,0
2025-08-11T10:46:00+05:30,24453.85,24455.35,24445.2,24451.3,0,1754889360,0
2025-08-11T10:47:00+05:30,24451.45,24453.25,24444.05,24447.9,0,1754889420,0
2025-08-11T10:48:00+05:30,24447.75,24450.2,24443.5,24449,0,1754889480,0
2025-08-11T10:49:00+05:30,24448.45,24450.5,24443.4,24448.8,0,1754889540,0
2025-08-11T10:50:00+05:30,24448.45,24454,24446.45,24451,0,1754889600,0
2025-08-11T10:51:00+05:30,24451.15,24464.44921875,24450.35,24463.75,0,1754889660,0
2025-08-11T10:52:00+05:30,24463.55,24464.55078125,24456.3,24459.35,0,1754889720,0
2025-08-11T10:53:00+05:30,24459.8,24466.30078125,24458.7,24464.45,0,1754889780,0
2025-08-11T10:54:00+05:30,24464.45,24467.80078125,24462.05,24462.25,0,1754889840,0
2025-08-11T10:55:00+05:30,24463.9,24465.25,24455.3,24457.5,0,1754889900,0
2025-08-11T10:56:00+05:30,24457.5,24459.45,24451.95,24456.6,0,1754889960,0
2025-08-11T10:57:00+05:30,24456.65,24457.8,24452.55,24454.6,0,1754890020,0
2025-08-11T10:58:00+05:30,24453.55,24459.4,24451.5,24453,0,1754890080,0
2025-08-11T10:59:00+05:30,24452.35,24456.85,24449.3,24454.65,0,1754890140,0
2025-08-11T11:00:00+05:30,24455.35,24459.65,24454.6,24456.15,0,1754890200,0
2025-08-11T11:01:00+05:30,24456.6,24463.8,24456.4,24456.8,0,1754890260,0
2025-08-11T11:02:00+05:30,24456.5,24459.3,24453.55,24455,0,1754890320,0
2025-08-11T11:03:00+05:30,24455.05,24455.8,24451.45,24453.55,0,1754890380,0
2025-08-11T11:04:00+05:30,24453.6,24455,24448.95,24450.8,0,1754890440,0
2025-08-11T11:05:00+05:30,24450.85,24454.15,24450.7,24452.55,0,1754890500,0
2025-08-11T11:06:00+05:30,24452.85,24456.15,24450.15,24454.2,0,1754890560,0
2025-08-11T11:07:00+05:30,24454.45,24456.45,24452.2,24454.65,0,1754890620,0
2025-08-11T11:08:00+05:30,24454.5,24460.15,24451.9,24459.5,0,1754890680,0
2025-08-11T11:09:00+05:30,24459.5,24461.4,24455.55,24455.6,0,1754890740,0
2025-08-11T11:10:00+05:30,24454.15,24454.15,24445.15,24453.25,0,1754890800,0
2025-08-11T11:11:00+05:30,24453.5,24454.35,24446.35,24447.9,0,1754890860,0
2025-08-11T11:12:00+05:30,24446.75,24447.9,24434.25,24436.5,0,1754890920,0
2025-08-11T11:13:00+05:30,24436.2,24437.45,24425.35,24434.5,0,1754890980,0
2025-08-11T11:14:00+05:30,24435.2,24443.2,24434.55,24442.7,0,1754891040,0
2025-08-11T11:15:00+05:30,24443.15,24444.55,24435.95,24438.2,0,1754891100,0
2025-08-11T11:16:00+05:30,24438,24443.2,24436.7,24442.6,0,1754891160,0
2025-08-11T11:17:00+05:30,24442.55,24447.6,24440.7,24447.6,0,1754891220,0
2025-08-11T11:18:00+05:30,24448.3,24461.65,24447.6,24458.4,0,1754891280,0
2025-08-11T11:19:00+05:30,24458.55,24462.75,24456.55,24461.6,0,1754891340,0
2025-08-11T11:20:00+05:30,24460.95,24463.9,24458.9,24462.25,0,1754891400,0
2025-08-11T11:21:00+05:30,24461.55,24465.05,24459.95,24463.05,0,1754891460,0
2025-08-11T11:22:00+05:30,24463.55,24470.44921875,24462.9,24466.35,0,1754891520,0
2025-08-11T11:23:00+05:30,24467.3,24472,24464.5,24471.05,0,1754891580,0
2025-08-11T11:24:00+05:30,24470.95,24475.19921875,24469.35,24470.15,0,1754891640,0
2025-08-11T11:25:00+05:30,24470.3,24472.95,24469.6,24472.25,0,1754891700,0
2025-08-11T11:26:00+05:30,24472.4,24474.45,24465.1,24465.8,0,1754891760,0
2025-08-11T11:27:00+05:30,24465.55,24465.95,24459.05,24463.2,0,1754891820,0
2025-08-11T11:28:00+05:30,24462.85,24464.75,24459.7,24460.25,0,1754891880,0
2025-08-11T11:29:00+05:30,24460.6,24464.8,24460.45,24461.95,0,1754891940,0
2025-08-11T11:30:00+05:30,24460.5,24467.5,24460.5,24466.2,0,1754892000,0
2025-08-11T11:31:00+05:30,24466.7,24466.7,24461.3,24461.95,0,1754892060,0
2025-08-11T11:32:00+05:30,24463.1,24463.1,24458.8,24460.55,0,1754892120,0
2025-08-11T11:33:00+05:30,24460.6,24462.4,24454.9,24455.7,0,1754892180,0
2025-08-11T11:34:00+05:30,24456.95,24456.95,24443.65,24444.5,0,1754892240,0
2025-08-11T11:35:00+05:30,24444.65,24444.65,24421.25,24423.2,0,1754892300,0
2025-08-11T11:36:00+05:30,24422.2,24434.95,24422.2,24428.95,0,1754892360,0
2025-08-11T11:37:00+05:30,24429.8,24437.25,24425.8,24433.4,0,1754892420,0
2025-08-11T11:38:00+05:30,24434.4,24434.85,24426.35,24427.85,0,1754892480,0
2025-08-11T11:39:00+05:30,24428.35,24430.85,24424.95,24428.6,0,1754892540,0
2025-08-11T11:40:00+05:30,24429.25,24429.6,24425.85,24426.65,0,1754892600,0
2025-08-11T11:41:00+05:30,24427.25,24427.9,24422.75,24423.05,0,1754892660,0
2025-08-11T11:42:00+05:30,24422.75,24425.65,24418.25,24424.4,0,1754892720,0
2025-08-11T11:43:00+05:30,24424.3,24427.1,24418.85,24419.8,0,1754892780,0
2025-08-11T11:44:00+05:30,24420,24420,24416.85,24417.4,0,1754892840,0
2025-08-11T11:45:00+05:30,24417,24417.5,24409.65,24415.65,0,1754892900,0
2025-08-11T11:46:00+05:30,24416.45,24418.95,24413.7,24418.95,0,1754892960,0
2025-08-11T11:47:00+05:30,24419.05,24424.35,24417.15,24423.75,0,1754893020,0
2025-08-11T11:48:00+05:30,24422.7,24422.85,24414.45,24416.7,0,1754893080,0
2025-08-11T11:49:00+05:30,24416.8,24418.8,24413.3,24414.15,0,1754893140,0
2025-08-11T11:50:00+05:30,24414.45,24419.9,24411.9,24417.8,0,1754893200,0
2025-08-11T11:51:00+05:30,24417.85,24417.85,24408.2,24408.45,0,1754893260,0
2025-08-11T11:52:00+05:30,24408.85,24411.3,24406.05,24407.3,0,1754893320,0
2025-08-11T11:53:00+05:30,24407.95,24408.8,24402.1,24404.9,0,1754893380,0
2025-08-11T11:54:00+05:30,24405.15,24412.35,24404.3,24409.95,0,1754893440,0
2025-08-11T11:55:00+05:30,24409.95,24416.75,24408.7,24415.7,0,1754893500,0
2025-08-11T11:56:00+05:30,24416.45,24419.55,24415.15,24419.3,0,1754893560,0
2025-08-11T11:57:00+05:30,24419.35,24422.25,24416.8,24422.2,0,1754893620,0
2025-08-11T11:58:00+05:30,24421.75,24424.6,24418.6,24423.95,0,1754893680,0
2025-08-11T11:59:00+05:30,24424.1,24426.9,24423.15,24423.8,0,1754893740,0
2025-08-11T12:00:00+05:30,24423.25,24428.15,24421.7,24428.15,0,1754893800,0
2025-08-11T12:01:00+05:30,24428.35,24437.2,24427.55,24435.25,0,1754893860,0
2025-08-11T12:02:00+05:30,24435.15,24437.75,24429.2,24430.55,0,1754893920,0
2025-08-11T12:03:00+05:30,24431.15,24431.15,24421.1,24425,0,1754893980,0
2025-08-11T12:04:00+05:30,24425.15,24428.2,24423.7,24426.3,0,1754894040,0
2025-08-11T12:05:00+05:30,24426.5,24429.75,24424.45,24427.45,0,1754894100,0
2025-08-11T12:06:00+05:30,24427.3,24435.65,24426.2,24434.1,0,1754894160,0
2025-08-11T12:07:00+05:30,24434.4,24437.4,24432.65,24437.4,0,1754894220,0
2025-08-11T12:08:00+05:30,24438.6,24439.15,24430.55,24432.6,0,1754894280,0
2025-08-11T12:09:00+05:30,24432.35,24434.35,24425.45,24429.8,0,1754894340,0
2025-08-11T12:10:00+05:30,24430.9,24451.55,24430.9,24437.3,0,1754894400,0
2025-08-11T12:11:00+05:30,24435.95,24436.7,24431.4,24433.7,0,1754894460,0
2025-08-11T12:12:00+05:30,24434.95,24441.6,24433.75,24441,0,1754894520,0
2025-08-11T12:13:00+05:30,24441.1,24442.1,24438.25,24439.7,0,1754894580,0
2025-08-11T12:14:00+05:30,24441.7,24447.65,24441.7,24445.6,0,1754894640,0
2025-08-11T12:15:00+05:30,24445.9,24450.4,24445.55,24448.05,0,1754894700,0
2025-08-11T12:16:00+05:30,24448.85,24453.9,24448.6,24449.4,0,1754894760,0
2025-08-11T12:17:00+05:30,24450.1,24451.75,24441.95,24442.45,0,1754894820,0
2025-08-11T12:18:00+05:30,24442.85,24444.3,24435.75,24439.65,0,1754894880,0
2025-08-11T12:19:00+05:30,24439.4,24442.75,24437.55,24437.55,0,1754894940,0
2025-08-11T12:20:00+05:30,24437.8,24438.55,24435.25,24436.8,0,1754895000,0
2025-08-11T12:21:00+05:30,24437.2,24440.55,24435.45,24437.05,0,1754895060,0
2025-08-11T12:22:00+05:30,24437.6,24438.65,24434.45,24437.05,0,1754895120,0
2025-08-11T12:23:00+05:30,24437.7,24441,24435.7,24440.7,0,1754895180,0
2025-08-11T12:24:00+05:30,24441.05,24446.15,24439.3,24443.5,0,1754895240,0
2025-08-11T12:25:00+05:30,24443.9,24445.55,24439.8,24443.6,0,1754895300,0
2025-08-11T12:26:00+05:30,24443.4,24448.7,24442.2,24447.4,0,1754895360,0
2025-08-11T12:27:00+05:30,24446.5,24449.85,24443.2,24443.85,0,1754895420,0
2025-08-11T12:28:00+05:30,24444.7,24448,24442.15,24447.3,0,1754895480,0
2025-08-11T12:29:00+05:30,24446.85,24447.55,24442.85,24445.85,0,1754895540,0
2025-08-11T12:30:00+05:30,24446.6,24446.8,24438.6,24439.45,0,1754895600,0
2025-08-11T12:31:00+05:30,24439.35,24440.1,24430.55,24434.75,0,1754895660,0
2025-08-11T12:32:00+05:30,24434.55,24437.45,24433.1,24434.85,0,1754895720,0
2025-08-11T12:33:00+05:30,24435.15,24437.25,24430.85,24431.6,0,1754895780,0
2025-08-11T12:34:00+05:30,24431.35,24434.85,24429.05,24431.55,0,1754895840,0
2025-08-11T12:35:00+05:30,24431.8,24436.25,24430.3,24434.9,0,1754895900,0
2025-08-11T12:36:00+05:30,24435.35,24446.75,24434.25,24446.45,0,1754895960,0
2025-08-11T12:37:00+05:30,24446,24447.35,24441.2,24445.15,0,1754896020,0
2025-08-11T12:38:00+05:30,24445.15,24451.8,24443.45,24450.05,0,1754896080,0
2025-08-11T12:39:00+05:30,24450.25,24456.7,24448.9,24455.65,0,1754896140,0
2025-08-11T12:40:00+05:30,24456.15,24457.9,24453.05,24455.15,0,1754896200,0
2025-08-11T12:41:00+05:30,24455.25,24458.85,24453.5,24455.05,0,1754896260,0
2025-08-11T12:42:00+05:30,24455.75,24460.3,24453.8,24457.5,0,1754896320,0
2025-08-11T12:43:00+05:30,24458.8,24460.25,24453.8,24456.9,0,1754896380,0
2025-08-11T12:44:00+05:30,24458.3,24463.35,24456,24460.65,0,1754896440,0
2025-08-11T12:45:00+05:30,24461.75,24465.4,24459.7,24465.2,0,1754896500,0
2025-08-11T12:46:00+05:30,24465.7,24466.65,24461.45,24463.95,0,1754896560,0
2025-08-11T12:47:00+05:30,24464.3,24466.8,24461.25,24464.3,0,1754896620,0
2025-08-11T12:48:00+05:30,24464.3,24464.3,24458.55,24462.7,0,1754896680,0
2025-08-11T12:49:00+05:30,24463.35,24465.2,24461.25,24462.85,0,1754896740,0
2025-08-11T12:50:00+05:30,24462.75,24464.8,24459.75,24463.35,0,1754896800,0
2025-08-11T12:51:00+05:30,24463.45,24466,24461.25,24464.25,0,1754896860,0
2025-08-11T12:52:00+05:30,24464.35,24467.9,24461.9,24467.55,0,1754896920,0
2025-08-11T12:53:00+05:30,24467.55,24477.150390625,24465.65,24475.2,0,1754896980,0
2025-08-11T12:54:00+05:30,24473.25,24478.75,24473.1,24476.9,0,1754897040,0
2025-08-11T12:55:00+05:30,24477.65,24481.05078125,24474.1,24474.1,0,1754897100,0
2025-08-11T12:56:00+05:30,24475.3,24476,24470.25,24472.3,0,1754897160,0
2025-08-11T12:57:00+05:30,24473.6,24473.6,24466.95,24469.4,0,1754897220,0
2025-08-11T12:58:00+05:30,24469.3,24477.9,24468.5,24475.75,0,1754897280,0
2025-08-11T12:59:00+05:30,24476.45,24477.75,24473.1,24476.25,0,1754897340,0
2025-08-11T13:00:00+05:30,24477.4,24483.650390625,24475.4,24482.3,0,1754897400,0
2025-08-11T13:01:00+05:30,24483.05,24507.400390625,24482.5,24491.55,0,1754897460,0
2025-08-11T13:02:00+05:30,24491.8,24496.3,24490.15,24492.1,0,1754897520,0
2025-08-11T13:03:00+05:30,24493.85,24495.8,24484.2,24486.05,0,1754897580,0
2025-08-11T13:04:00+05:30,24484.6,24487.3,24481.5,24482.45,0,1754897640,0
2025-08-11T13:05:00+05:30,24483.35,24486.75,24478.45,24480,0,1754897700,0
2025-08-11T13:06:00+05:30,24479.4,24479.9,24472.8,24473.7,0,1754897760,0
2025-08-11T13:07:00+05:30,24473.9,24479.1,24470.35,24472.65,0,1754897820,0
2025-08-11T13:08:00+05:30,24473.3,24475.3,24471.55,24472.15,0,1754897880,0
2025-08-11T13:09:00+05:30,24473.85,24476.45,24471.55,24475.55,0,1754897940,0
2025-08-11T13:10:00+05:30,24476,24477.2,24471.55,24472.1,0,1754898000,0
2025-08-11T13:11:00+05:30,24472.3,24472.75,24465.6,24467.35,0,1754898060,0
2025-08-11T13:12:00+05:30,24467.9,24468.8,24463.6,24465.65,0,1754898120,0
2025-08-11T13:13:00+05:30,24465.9,24471.9,24464.15,24469.75,0,1754898180,0
2025-08-11T13:14:00+05:30,24471.1,24477.2,24470.3,24475.2,0,1754898240,0
2025-08-11T13:15:00+05:30,24476.15,24481.15,24476.15,24479.15,0,1754898300,0
2025-08-11T13:16:00+05:30,24479.15,24481.55,24477.1,24480.3,0,1754898360,0
2025-08-11T13:17:00+05:30,24479.8,24481.55,24471.1,24472.45,0,1754898420,0
2025-08-11T13:18:00+05:30,24472.85,24473.35,24468.75,24472.45,0,1754898480,0
2025-08-11T13:19:00+05:30,24472.6,24474.85,24470.95,24473.2,0,1754898540,0
2025-08-11T13:20:00+05:30,24474.2,24478.25,24471.2,24477.4,0,1754898600,0
2025-08-11T13:21:00+05:30,24477.75,24480.4,24474.5,24476.2,0,1754898660,0
2025-08-11T13:22:00+05:30,24476.9,24478.65,24473.75,24476.6,0,1754898720,0
2025-08-11T13:23:00+05:30,24477.4,24477.4,24467.9,24471.65,0,1754898780,0
2025-08-11T13:24:00+05:30,24471.45,24476.3,24468.85,24473.9,0,1754898840,0
2025-08-11T13:25:00+05:30,24473.85,24477.85,24473.65,24477,0,1754898900,0
2025-08-11T13:26:00+05:30,24477,24482.95,24476.25,24482.7,0,1754898960,0
2025-08-11T13:27:00+05:30,24482.9,24487.1,24481.25,24486.1,0,1754899020,0
2025-08-11T13:28:00+05:30,24486.15,24501.45,24485.15,24486.65,0,1754899080,0
2025-08-11T13:29:00+05:30,24486.6,24488.6,24481.55,24485.3,0,1754899140,0
2025-08-11T13:30:00+05:30,24485.85,24491.05,24485.5,24488.7,0,1754899200,0
2025-08-11T13:31:00+05:30,24489.75,24491.3,24482.35,24486.1,0,1754899260,0
2025-08-11T13:32:00+05:30,24486.55,24497.15,24484.2,24494.7,0,1754899320,0
2025-08-11T13:33:00+05:30,24495.7,24498.95,24492.75,24497.45,0,1754899380,0
2025-08-11T13:34:00+05:30,24496.95,24498.95,24493.75,24496.4,0,1754899440,0
2025-08-11T13:35:00+05:30,24496.75,24498.8,24494.15,24495.15,0,1754899500,0
2025-08-11T13:36:00+05:30,24496,24499.45,24493.5,24497.3,0,1754899560,0
2025-08-11T13:37:00+05:30,24497.45,24498.45,24494.45,24497.45,0,1754899620,0
2025-08-11T13:38:00+05:30,24497.9,24500.6,24495.1,24496.8,0,1754899680,0
2025-08-11T13:39:00+05:30,24497.35,24505.55,24497.15,24504.2,0,1754899740,0
2025-08-11T13:40:00+05:30,24504.65,24508.650390625,24503.6,24507.6,0,1754899800,0
2025-08-11T13:41:00+05:30,24507.7,24508.900390625,24502.4,24503.15,0,1754899860,0
2025-08-11T13:42:00+05:30,24503,24507.4,24503,24505.6,0,1754899920,0
2025-08-11T13:43:00+05:30,24506,24506.7,24499.6,24501.15,0,1754899980,0
2025-08-11T13:44:00+05:30,24501.15,24507.05,24499.95,24505.65,0,1754900040,0
2025-08-11T13:45:00+05:30,24506.35,24507.45,24503.35,24505.1,0,1754900100,0
2025-08-11T13:46:00+05:30,24505.9,24508.35,24501.9,24504,0,1754900160,0
2025-08-11T13:47:00+05:30,24503.6,24510.099609375,24502.4,24508.7,0,1754900220,0
2025-08-11T13:48:00+05:30,24508.85,24512.19921875,24506,24511.2,0,1754900280,0
2025-08-11T13:49:00+05:30,24510.95,24518.150390625,24510.3,24515.2,0,1754900340,0
2025-08-11T13:50:00+05:30,24515.7,24518.25,24509.2,24510.05,0,1754900400,0
2025-08-11T13:51:00+05:30,24509.9,24511.8,24505.5,24509.65,0,1754900460,0
2025-08-11T13:52:00+05:30,24510.35,24511.95,24498.15,24499.3,0,1754900520,0
2025-08-11T13:53:00+05:30,24500.3,24503.55,24495,24499.95,0,1754900580,0
2025-08-11T13:54:00+05:30,24500.65,24506.1,24499.7,24506.1,0,1754900640,0
2025-08-11T13:55:00+05:30,24505.85,24507.55,24501.75,24504.1,0,1754900700,0
2025-08-11T13:56:00+05:30,24504,24508.5,24501.05,24506.65,0,1754900760,0
2025-08-11T13:57:00+05:30,24507.3,24520.19921875,24506.8,24517.75,0,1754900820,0
2025-08-11T13:58:00+05:30,24517.65,24519.15,24512.45,24518.95,0,1754900880,0
2025-08-11T13:59:00+05:30,24518.3,24522.5,24517.2,24520.65,0,1754900940,0
2025-08-11T14:00:00+05:30,24520.25,24527,24520.25,24526.1,0,1754901000,0
2025-08-11T14:01:00+05:30,24525.6,24533.80078125,24523.95,24532.6,0,1754901060,0
2025-08-11T14:02:00+05:30,24532.4,24534.849609375,24526.75,24529,0,1754901120,0
2025-08-11T14:03:00+05:30,24528.5,24532.2,24525.35,24530.25,0,1754901180,0
2025-08-11T14:04:00+05:30,24530.5,24532.55,24527.85,24531.6,0,1754901240,0
2025-08-11T14:05:00+05:30,24531.9,24537.75,24531.75,24537.05,0,1754901300,0
2025-08-11T14:06:00+05:30,24537.75,24540.650390625,24536.3,24538.75,0,1754901360,0
2025-08-11T14:07:00+05:30,24539.1,24541.94921875,24536.7,24538.2,0,1754901420,0
2025-08-11T14:08:00+05:30,24538.95,24540.2,24533.25,24536.35,0,1754901480,0
2025-08-11T14:09:00+05:30,24537.15,24540.55,24533.5,24538.05,0,1754901540,0
2025-08-11T14:10:00+05:30,24536.6,24540.8,24535.85,24540.7,0,1754901600,0
2025-08-11T14:11:00+05:30,24540.6,24543.30078125,24535.6,24536.75,0,1754901660,0
2025-08-11T14:12:00+05:30,24537,24538.1,24529.55,24534.15,0,1754901720,0
2025-08-11T14:13:00+05:30,24534.3,24535.9,24531.3,24534.95,0,1754901780,0
2025-08-11T14:14:00+05:30,24534.65,24539.45,24532.9,24539.45,0,1754901840,0
2025-08-11T14:15:00+05:30,24539.25,24544.30078125,24538.35,24543.45,0,1754901900,0
2025-08-11T14:16:00+05:30,24542.7,24545.44921875,24538.05,24540.5,0,1754901960,0
2025-08-11T14:17:00+05:30,24541.05,24546.30078125,24540.35,24543.4,0,1754902020,0
2025-08-11T14:18:00+05:30,24542.6,24544.75,24524.2,24531.3,0,1754902080,0
2025-08-11T14:19:00+05:30,24531.4,24538.3,24531.4,24537.25,0,1754902140,0
2025-08-11T14:20:00+05:30,24537.4,24538.4,24529.2,24531.05,0,1754902200,0
2025-08-11T14:21:00+05:30,24530.6,24536.4,24526.6,24531.35,0,1754902260,0
2025-08-11T14:22:00+05:30,24530.95,24534.45,24528.75,24532.25,0,1754902320,0
2025-08-11T14:23:00+05:30,24532.95,24537.55,24532.2,24536.2,0,1754902380,0
2025-08-11T14:24:00+05:30,24536.5,24538.75,24533.55,24537.4,0,1754902440,0
2025-08-11T14:25:00+05:30,24536.85,24540.45,24535.9,24540.1,0,1754902500,0
2025-08-11T14:26:00+05:30,24540.05,24541.45,24536.2,24537.45,0,1754902560,0
2025-08-11T14:27:00+05:30,24537.25,24540.9,24535.6,24538.05,0,1754902620,0
2025-08-11T14:28:00+05:30,24538.15,24540.35,24535.6,24540.05,0,1754902680,0
2025-08-11T14:29:00+05:30,24539,24543.55,24539,24542.75,0,1754902740,0
2025-08-11T14:30:00+05:30,24542.8,24556.849609375,24542.8,24556.65,0,1754902800,0
2025-08-11T14:31:00+05:30,24555.85,24567.94921875,24555.85,24566.15,0,1754902860,0
2025-08-11T14:32:00+05:30,24565,24570.400390625,24562.6,24566.2,0,1754902920,0
2025-08-11T14:33:00+05:30,24565.35,24572.599609375,24565.35,24570.95,0,1754902980,0
2025-08-11T14:34:00+05:30,24570.85,24573,24565.6,24569.05,0,1754903040,0
2025-08-11T14:35:00+05:30,24567.55,24569.55,24557.5,24561.35,0,1754903100,0
2025-08-11T14:36:00+05:30,24560.45,24579.19921875,24559.8,24569.8,0,1754903160,0
2025-08-11T14:37:00+05:30,24569.2,24572.35,24563.9,24571.8,0,1754903220,0
2025-08-11T14:38:00+05:30,24570.8,24583.650390625,24570.8,24578.15,0,1754903280,0
2025-08-11T14:39:00+05:30,24577.75,24579.05,24570.6,24572,0,1754903340,0
2025-08-11T14:40:00+05:30,24572.9,24573.85,24567.75,24572.15,0,1754903400,0
2025-08-11T14:41:00+05:30,24572.55,24573.4,24558.85,24559.35,0,1754903460,0
2025-08-11T14:42:00+05:30,24559.1,24561.25,24553.95,24556.7,0,1754903520,0
2025-08-11T14:43:00+05:30,24556.2,24557.15,24551.3,24553.4,0,1754903580,0
2025-08-11T14:44:00+05:30,24552.8,24557.65,24550.9,24557,0,1754903640,0
2025-08-11T14:45:00+05:30,24556.55,24566.5,24556.4,24565.5,0,1754903700,0
2025-08-11T14:46:00+05:30,24565.85,24571.45,24564.95,24571,0,1754903760,0
2025-08-11T14:47:00+05:30,24570.55,24577,24569.85,24573.55,0,1754903820,0
2025-08-11T14:48:00+05:30,24573.55,24576.15,24572.45,24575.25,0,1754903880,0
2025-08-11T14:49:00+05:30,24574.3,24581.85,24573.05,24577.05,0,1754903940,0
2025-08-11T14:50:00+05:30,24576.7,24581.65,24574.9,24576.3,0,1754904000,0
2025-08-11T14:51:00+05:30,24576,24577.9,24572.1,24574.35,0,1754904060,0
2025-08-11T14:52:00+05:30,24574,24576.9,24570.7,24575.35,0,1754904120,0
2025-08-11T14:53:00+05:30,24575.3,24577.15,24573.6,24576.45,0,1754904180,0
2025-08-11T14:54:00+05:30,24576.8,24580.45,24574.2,24577.75,0,1754904240,0
2025-08-11T14:55:00+05:30,24577.35,24577.8,24572.15,24575.3,0,1754904300,0
2025-08-11T14:56:00+05:30,24574.7,24577.15,24570.95,24577.15,0,1754904360,0
2025-08-11T14:57:00+05:30,24576.55,24578.8,24573.65,24578.5,0,1754904420,0
2025-08-11T14:58:00+05:30,24578.45,24579.35,24574.85,24577.45,0,1754904480,0
2025-08-11T14:59:00+05:30,24576.95,24579.8,24573.95,24578.55,0,1754904540,0
2025-08-11T15:00:00+05:30,24578.45,24590.94921875,24578.45,24584.15,0,1754904600,0
2025-08-11T15:01:00+05:30,24584.7,24588.8,24575.35,24581.75,0,1754904660,0
2025-08-11T15:02:00+05:30,24580.4,24585.3,24575,24577.6,0,1754904720,0
2025-08-11T15:03:00+05:30,24578.3,24582.15,24575.6,24582.15,0,1754904780,0
2025-08-11T15:04:00+05:30,24582.2,24588.5,24581.55,24586.2,0,1754904840,0
2025-08-11T15:05:00+05:30,24586.7,24592.900390625,24586.4,24592.1,0,1754904900,0
2025-08-11T15:06:00+05:30,24591.6,24596,24590.3,24594.9,0,1754904960,0
2025-08-11T15:07:00+05:30,24595.3,24600.849609375,24595.05,24599.75,0,1754905020,0
2025-08-11T15:08:00+05:30,24599.85,24600.3,24593.35,24594.45,0,1754905080,0
2025-08-11T15:09:00+05:30,24593.9,24598.65,24593.9,24597.55,0,1754905140,0
2025-08-11T15:10:00+05:30,24595,24598.65,24591.05,24592.3,0,1754905200,0
2025-08-11T15:11:00+05:30,24592.15,24596.6,24591.6,24593.65,0,1754905260,0
2025-08-11T15:12:00+05:30,24593.65,24595.65,24589.35,24589.85,0,1754905320,0
2025-08-11T15:13:00+05:30,24590.2,24592.4,24584.95,24585.8,0,1754905380,0
2025-08-11T15:14:00+05:30,24584.3,24589.8,24584.1,24585.95,0,1754905440,0
2025-08-11T15:15:00+05:30,24585.9,24587.05,24581.1,24582,0,1754905500,0
2025-08-11T15:16:00+05:30,24583.05,24583.6,24574.65,24575.95,0,1754905560,0
2025-08-11T15:17:00+05:30,24575.35,24583,24575.35,24577.2,0,1754905620,0
2025-08-11T15:18:00+05:30,24576.65,24578.55,24573.7,24574.85,0,1754905680,0
2025-08-11T15:19:00+05:30,24575,24576.45,24573.6,24574.3,0,1754905740,0
2025-08-11T15:20:00+05:30,24574.4,24576.2,24570.25,24575.8,0,1754905800,0
2025-08-11T15:21:00+05:30,24576.3,24580,24574.4,24579.35,0,1754905860,0
2025-08-11T15:22:00+05:30,24579.55,24584.55,24578.6,24582.9,0,1754905920,0
2025-08-11T15:23:00+05:30,24582.75,24587.15,24580.65,24580.85,0,1754905980,0
2025-08-11T15:24:00+05:30,24580.65,24582.1,24574.4,24575.6,0,1754906040,0
2025-08-11T15:25:00+05:30,24574.5,24574.8,24565.5,24567.15,0,1754906100,0
2025-08-11T15:26:00+05:30,24567.2,24569.3,24565,24567.2,0,1754906160,0
2025-08-11T15:27:00+05:30,24566.9,24567.75,24557.75,24559.3,0,1754906220,0
2025-08-11T15:28:00+05:30,24556.9,24561.2,24549.55,24550.35,0,1754906280,0
2025-08-11T15:29:00+05:30,24549.45,24568.3,24544.55,24562.15,0,1754906340,0
2025-08-12T09:15:00+05:30,24563.349609375,24563.349609375,24530.75,24543.95,0,1754970300,0
2025-08-12T09:16:00+05:30,24544.45,24565.150390625,24540.6,24564.25,0,1754970360,0
2025-08-12T09:17:00+05:30,24563.05,24569.650390625,24553.3,24568.95,0,1754970420,0
2025-08-12T09:18:00+05:30,24567.65,24581,24566.3,24579.25,0,1754970480,0
2025-08-12T09:19:00+05:30,24576.9,24588,24572.15,24574,0,1754970540,0
2025-08-12T09:20:00+05:30,24573.3,24581.15,24567.45,24578.85,0,1754970600,0
2025-08-12T09:21:00+05:30,24577.85,24590.95,24577.15,24589.95,0,1754970660,0
2025-08-12T09:22:00+05:30,24590.45,24595.849609375,24583.25,24585.7,0,1754970720,0
2025-08-12T09:23:00+05:30,24585.85,24599.05078125,24585.85,24597.6,0,1754970780,0
2025-08-12T09:24:00+05:30,24597.95,24612.599609375,24594.35,24610.25,0,1754970840,0
2025-08-12T09:25:00+05:30,24609.9,24627.55078125,24608,24624.15,0,1754970900,0
2025-08-12T09:26:00+05:30,24623.9,24627.900390625,24618.05,24618.05,0,1754970960,0
2025-08-12T09:27:00+05:30,24619.7,24623.55,24613,24614.5,0,1754971020,0
2025-08-12T09:28:00+05:30,24614.7,24619.35,24611.9,24617.15,0,1754971080,0
2025-08-12T09:29:00+05:30,24616.95,24621.1,24609.75,24619.25,0,1754971140,0
2025-08-12T09:30:00+05:30,24618.85,24622.2,24607.05,24614.4,0,1754971200,0
2025-08-12T09:31:00+05:30,24613.45,24635.599609375,24613.45,24634.2,0,1754971260,0
2025-08-12T09:32:00+05:30,24634.9,24641.05078125,24632.35,24634.2,0,1754971320,0
2025-08-12T09:33:00+05:30,24632.85,24638.45,24631.45,24634.05,0,1754971380,0
2025-08-12T09:34:00+05:30,24634.55,24637.1,24630.3,24633.2,0,1754971440,0
2025-08-12T09:35:00+05:30,24630.7,24635.85,24625.1,24625.2,0,1754971500,0
2025-08-12T09:36:00+05:30,24625.3,24631.15,24622.7,24628.5,0,1754971560,0
2025-08-12T09:37:00+05:30,24627.8,24635.1,24626.15,24628.65,0,1754971620,0
2025-08-12T09:38:00+05:30,24628.35,24636.75,24623.8,24632.65,0,1754971680,0
2025-08-12T09:39:00+05:30,24631.95,24633.85,24624.5,24627.55,0,1754971740,0
2025-08-12T09:40:00+05:30,24627.4,24632.75,24623.65,24629.1,0,1754971800,0
2025-08-12T09:41:00+05:30,24628.75,24630.95,24625.05,24625.8,0,1754971860,0
2025-08-12T09:42:00+05:30,24627.3,24638.1,24627.3,24636.1,0,1754971920,0
2025-08-12T09:43:00+05:30,24635.55,24646,24635.55,24642.2,0,1754971980,0
2025-08-12T09:44:00+05:30,24641.7,24648,24641.05,24644.85,0,1754972040,0
2025-08-12T09:45:00+05:30,24645.3,24660.19921875,24645.3,24655.2,0,1754972100,0
2025-08-12T09:46:00+05:30,24655.6,24661.75,24651.85,24652.15,0,1754972160,0
2025-08-12T09:47:00+05:30,24652.05,24656.35,24645.9,24649.55,0,1754972220,0
2025-08-12T09:48:00+05:30,24650.65,24655.9,24649.5,24652.35,0,1754972280,0
2025-08-12T09:49:00+05:30,24651.75,24659.45,24651.75,24654.2,0,1754972340,0
2025-08-12T09:50:00+05:30,24653.7,24662.150390625,24651.45,24655.3,0,1754972400,0
2025-08-12T09:51:00+05:30,24654.65,24658.8,24649.7,24653.2,0,1754972460,0
2025-08-12T09:52:00+05:30,24650.8,24657.7,24647.8,24654.2,0,1754972520,0
2025-08-12T09:53:00+05:30,24655.05,24665.44921875,24654.95,24662.7,0,1754972580,0
2025-08-12T09:54:00+05:30,24661.9,24668.900390625,24660.1,24668.35,0,1754972640,0
2025-08-12T09:55:00+05:30,24668.9,24675.44921875,24668.9,24673.55,0,1754972700,0
2025-08-12T09:56:00+05:30,24674.7,24680.099609375,24669,24670.5,0,1754972760,0
2025-08-12T09:57:00+05:30,24670.9,24676.1,24670.5,24672.2,0,1754972820,0
2025-08-12T09:58:00+05:30,24671.45,24682.30078125,24671.45,24678.8,0,1754972880,0
2025-08-12T09:59:00+05:30,24678.75,24684.900390625,24677.8,24684.7,0,1754972940,0
2025-08-12T10:00:00+05:30,24684.35,24686.849609375,24676.45,24680.7,0,1754973000,0
2025-08-12T10:01:00+05:30,24679.95,24697.5,24677.9,24697.2,0,1754973060,0
2025-08-12T10:02:00+05:30,24698.25,24702.599609375,24695,24696.2,0,1754973120,0
2025-08-12T10:03:00+05:30,24696.25,24697.05,24687.4,24694.25,0,1754973180,0
2025-08-12T10:04:00+05:30,24693.55,24698.1,24689,24692.9,0,1754973240,0
2025-08-12T10:05:00+05:30,24693.95,24697.4,24688.8,24693.2,0,1754973300,0
2025-08-12T10:06:00+05:30,24693.1,24693.1,24684.3,24684.7,0,1754973360,0
2025-08-12T10:07:00+05:30,24684.9,24692.1,24683.35,24690.7,0,1754973420,0
2025-08-12T10:08:00+05:30,24690.75,24694.8,24688.85,24691,0,1754973480,0
2025-08-12T10:09:00+05:30,24690.7,24695.6,24687.7,24689.9,0,1754973540,0
2025-08-12T10:10:00+05:30,24689.8,24691.55,24684.05,24684.05,0,1754973600,0
2025-08-12T10:11:00+05:30,24684.5,24684.75,24671.3,24677.75,0,1754973660,0
2025-08-12T10:12:00+05:30,24677.55,24678.7,24664.05,24665.05,0,1754973720,0
2025-08-12T10:13:00+05:30,24664.75,24674.65,24663.65,24665.4,0,1754973780,0
2025-08-12T10:14:00+05:30,24665.7,24666.2,24656.8,24662.35,0,1754973840,0
2025-08-12T10:15:00+05:30,24662.15,24671.95,24648.3,24671.95,0,1754973900,0
2025-08-12T10:16:00+05:30,24671.85,24682,24671.4,24672.3,0,1754973960,0
2025-08-12T10:17:00+05:30,24671.85,24671.85,24658.6,24658.6,0,1754974020,0
2025-08-12T10:18:00+05:30,24658.5,24664.7,24656.2,24659.3,0,1754974080,0
2025-08-12T10:19:00+05:30,24658.55,24659.05,24643.55,24650.9,0,1754974140,0
2025-08-12T10:20:00+05:30,24650.6,24660.85,24650.4,24653.35,0,1754974200,0
2025-08-12T10:21:00+05:30,24652.85,24658.3,24650.85,24656.6,0,1754974260,0
2025-08-12T10:22:00+05:30,24655.35,24658.05,24650.25,24650.9,0,1754974320,0
2025-08-12T10:23:00+05:30,24650.7,24663.35,24650.45,24660.1,0,1754974380,0
2025-08-12T10:24:00+05:30,24660.15,24666,24655.95,24657.75,0,1754974440,0
2025-08-12T10:25:00+05:30,24658.35,24662.15,24650.35,24650.35,0,1754974500,0
2025-08-12T10:26:00+05:30,24649,24653,24639.4,24647,0,1754974560,0
2025-08-12T10:27:00+05:30,24646.4,24647.55,24629.95,24630.25,0,1754974620,0
2025-08-12T10:28:00+05:30,24628.9,24628.9,24611.5,24617.3,0,1754974680,0
2025-08-12T10:29:00+05:30,24617.05,24618.1,24611.9,24613.65,0,1754974740,0
2025-08-12T10:30:00+05:30,24612.7,24612.7,24594.65,24600.75,0,1754974800,0
2025-08-12T10:31:00+05:30,24601.4,24601.4,24574.95,24574.95,0,1754974860,0
2025-08-12T10:32:00+05:30,24576.65,24596.65,24562.25,24596.65,0,1754974920,0
2025-08-12T10:33:00+05:30,24598.3,24598.3,24580.9,24582.55,0,1754974980,0
2025-08-12T10:34:00+05:30,24582.7,24587.1,24581.1,24581.75,0,1754975040,0
2025-08-12T10:35:00+05:30,24582.05,24597.55,24580.25,24597.55,0,1754975100,0
2025-08-12T10:36:00+05:30,24598.35,24606.7,24598.35,24602.7,0,1754975160,0
2025-08-12T10:37:00+05:30,24602.65,24609,24601.35,24606.1,0,1754975220,0
2025-08-12T10:38:00+05:30,24607.1,24608,24593.45,24594,0,1754975280,0
2025-08-12T10:39:00+05:30,24594.05,24597.2,24589.9,24595.6,0,1754975340,0
2025-08-12T10:40:00+05:30,24595.45,24597.25,24591.45,24597.25,0,1754975400,0
2025-08-12T10:41:00+05:30,24597.65,24604.9,24597.35,24604.1,0,1754975460,0
2025-08-12T10:42:00+05:30,24604.05,24611.35,24600.1,24600.1,0,1754975520,0
2025-08-12T10:43:00+05:30,24600.05,24602.55,24592.6,24594.4,0,1754975580,0
2025-08-12T10:44:00+05:30,24593.85,24597.05,24582.05,24583.85,0,1754975640,0
2025-08-12T10:45:00+05:30,24583.3,24584.65,24570.4,24573.25,0,1754975700,0
2025-08-12T10:46:00+05:30,24573.1,24578.25,24572.65,24578.25,0,1754975760,0
2025-08-12T10:47:00+05:30,24577.8,24591.05,24576.35,24590.3,0,1754975820,0
2025-08-12T10:48:00+05:30,24590.25,24596.15,24587.95,24592.35,0,1754975880,0
2025-08-12T10:49:00+05:30,24592.35,24593.65,24576.95,24582.35,0,1754975940,0
2025-08-12T10:50:00+05:30,24582.15,24588.8,24578.15,24588.35,0,1754976000,0
2025-08-12T10:51:00+05:30,24588.35,24590.8,24584.05,24587.55,0,1754976060,0
2025-08-12T10:52:00+05:30,24587.45,24588.35,24581.15,24582.05,0,1754976120,0
2025-08-12T10:53:00+05:30,24581.75,24583.2,24578.9,24581.85,0,1754976180,0
2025-08-12T10:54:00+05:30,24581.55,24582.55,24579.15,24582.4,0,1754976240,0
2025-08-12T10:55:00+05:30,24581.95,24604.45,24581.35,24591.8,0,1754976300,0
2025-08-12T10:56:00+05:30,24591.6,24594.05,24584.75,24585.1,0,1754976360,0
2025-08-12T10:57:00+05:30,24584.35,24589.95,24584.15,24588.65,0,1754976420,0
2025-08-12T10:58:00+05:30,24588.1,24589.4,24585.75,24586.75,0,1754976480,0
2025-08-12T10:59:00+05:30,24586.55,24588.15,24579.3,24580.75,0,1754976540,0
2025-08-12T11:00:00+05:30,24579.7,24581.75,24574.15,24576.4,0,1754976600,0
2025-08-12T11:01:00+05:30,24575.8,24580.9,24573.45,24579.15,0,1754976660,0
2025-08-12T11:02:00+05:30,24579.4,24581.2,24567.4,24568.6,0,1754976720,0
2025-08-12T11:03:00+05:30,24568.1,24568.25,24554.7,24560.55,0,1754976780,0
2025-08-12T11:04:00+05:30,24559.95,24560.7,24551.9,24556.65,0,1754976840,0
2025-08-12T11:05:00+05:30,24555.8,24558.1,24552.9,24557.15,0,1754976900,0
2025-08-12T11:06:00+05:30,24556.8,24561.8,24551.25,24552.1,0,1754976960,0
2025-08-12T11:07:00+05:30,24551.3,24552.55,24543.9,24547.1,0,1754977020,0
2025-08-12T11:08:00+05:30,24547,24547,24532.7,24535.45,0,1754977080,0
2025-08-12T11:09:00+05:30,24535.35,24540.75,24533.75,24540.25,0,1754977140,0
2025-08-12T11:10:00+05:30,24540.15,24544.55,24538.6,24542.7,0,1754977200,0
2025-08-12T11:11:00+05:30,24542.55,24544.25,24538.5,24544,0,1754977260,0
2025-08-12T11:12:00+05:30,24542.95,24547.5,24542.4,24543.9,0,1754977320,0
2025-08-12T11:13:00+05:30,24544.15,24548.25,24543.05,24547.15,0,1754977380,0
2025-08-12T11:14:00+05:30,24547.4,24549.4,24544.15,24544.15,0,1754977440,0
2025-08-12T11:15:00+05:30,24544.05,24548.65,24541.75,24548,0,1754977500,0
2025-08-12T11:16:00+05:30,24547.05,24556.9,24546.4,24556.5,0,1754977560,0
2025-08-12T11:17:00+05:30,24556.75,24577.35,24556.3,24572.7,0,1754977620,0
2025-08-12T11:18:00+05:30,24572.35,24585.9,24568.85,24585.8,0,1754977680,0
2025-08-12T11:19:00+05:30,24588.8,24593.25,24579.75,24580.2,0,1754977740,0
2025-08-12T11:20:00+05:30,24580.05,24584.1,24573.3,24574.9,0,1754977800,0
2025-08-12T11:21:00+05:30,24575.25,24584.15,24571.45,24583.15,0,1754977860,0
2025-08-12T11:22:00+05:30,24582.6,24583.15,24570.9,24573.9,0,1754977920,0
2025-08-12T11:23:00+05:30,24574.15,24580.5,24573.15,24573.9,0,1754977980,0
2025-08-12T11:24:00+05:30,24573.95,24578,24572.15,24573.55,0,1754978040,0
2025-08-12T11:25:00+05:30,24573.2,24575.2,24566.05,24566.6,0,1754978100,0
2025-08-12T11:26:00+05:30,24566.35,24566.35,24554.4,24560.95,0,1754978160,0
2025-08-12T11:27:00+05:30,24560.15,24561.9,24557.4,24559.3,0,1754978220,0
2025-08-12T11:28:00+05:30,24558.75,24559.1,24555.15,24558.4,0,1754978280,0
2025-08-12T11:29:00+05:30,24558.45,24558.45,24551.05,24556.7,0,1754978340,0
2025-08-12T11:30:00+05:30,24556.3,24571.9,24555.55,24569.95,0,1754978400,0
2025-08-12T11:31:00+05:30,24569.55,24569.55,24558.05,24560.25,0,1754978460,0
2025-08-12T11:32:00+05:30,24560.3,24562.55,24557.15,24558.5,0,1754978520,0
2025-08-12T11:33:00+05:30,24560.35,24564.1,24556.9,24562.6,0,1754978580,0
2025-08-12T11:34:00+05:30,24562.9,24563.95,24556.8,24559.3,0,1754978640,0
2025-08-12T11:35:00+05:30,24558.8,24565.45,24557.1,24564.95,0,1754978700,0
2025-08-12T11:36:00+05:30,24564.6,24568.75,24564.2,24565.1,0,1754978760,0
2025-08-12T11:37:00+05:30,24565.05,24565.5,24560.8,24565.5,0,1754978820,0
2025-08-12T11:38:00+05:30,24565.25,24567.75,24562.45,24564.5,0,1754978880,0
2025-08-12T11:39:00+05:30,24564.7,24565.35,24560.35,24561,0,1754978940,0
2025-08-12T11:40:00+05:30,24561.15,24565.1,24560.9,24564.85,0,1754979000,0
2025-08-12T11:41:00+05:30,24564.75,24567.55,24557.6,24558.1,0,1754979060,0
2025-08-12T11:42:00+05:30,24557.25,24561,24554.4,24560.85,0,1754979120,0
2025-08-12T11:43:00+05:30,24560.6,24561.5,24558.45,24561.15,0,1754979180,0
2025-08-12T11:44:00+05:30,24560.8,24563.4,24559.65,24561.75,0,1754979240,0
2025-08-12T11:45:00+05:30,24561.35,24561.5,24556.55,24557.25,0,1754979300,0
2025-08-12T11:46:00+05:30,24556.95,24562.45,24556.95,24560.3,0,1754979360,0
2025-08-12T11:47:00+05:30,24558.5,24558.5,24549,24549,0,1754979420,0
2025-08-12T11:48:00+05:30,24549.05,24549.3,24545.05,24546.35,0,1754979480,0
2025-08-12T11:49:00+05:30,24545.8,24546.85,24543.55,24545.95,0,1754979540,0
2025-08-12T11:50:00+05:30,24545.7,24545.7,24531.45,24542.45,0,1754979600,0
2025-08-12T11:51:00+05:30,24541.3,24544.6,24539.9,24543.15,0,1754979660,0
2025-08-12T11:52:00+05:30,24543.4,24546.75,24540.75,24545.6,0,1754979720,0
2025-08-12T11:53:00+05:30,24545,24549.7,24543.15,24549.15,0,1754979780,0
2025-08-12T11:54:00+05:30,24549.4,24550.7,24547.3,24548.9,0,1754979840,0
2025-08-12T11:55:00+05:30,24548.8,24555.15,24548.1,24553.5,0,1754979900,0
2025-08-12T11:56:00+05:30,24553.7,24554.15,24550.2,24553.1,0,1754979960,0
2025-08-12T11:57:00+05:30,24553.65,24561.8,24552.25,24561.8,0,1754980020,0
2025-08-12T11:58:00+05:30,24561.75,24566.55,24560.35,24564.45,0,1754980080,0
2025-08-12T11:59:00+05:30,24564.55,24565.75,24560.95,24565.75,0,1754980140,0
2025-08-12T12:00:00+05:30,24565.85,24569.75,24561.35,24562.45,0,1754980200,0
2025-08-12T12:01:00+05:30,24560.85,24561.75,24554.4,24554.6,0,1754980260,0
2025-08-12T12:02:00+05:30,24554.8,24558.35,24553.85,24555.35,0,1754980320,0
2025-08-12T12:03:00+05:30,24555.9,24558.2,24553.9,24557.65,0,1754980380,0
2025-08-12T12:04:00+05:30,24558.05,24558.05,24553.5,24554.1,0,1754980440,0
2025-08-12T12:05:00+05:30,24554.25,24555.1,24552.7,24554.8,0,1754980500,0
2025-08-12T12:06:00+05:30,24554.2,24559.9,24553.1,24557.95,0,1754980560,0
2025-08-12T12:07:00+05:30,24558.25,24559.2,24555.15,24555.65,0,1754980620,0
2025-08-12T12:08:00+05:30,24555.8,24562.7,24555.25,24562,0,1754980680,0
2025-08-12T12:09:00+05:30,24562.3,24567.85,24561,24565.15,0,1754980740,0
2025-08-12T12:10:00+05:30,24565.5,24566.75,24563.85,24564.15,0,1754980800,0
2025-08-12T12:11:00+05:30,24563.9,24564.35,24559.85,24561.75,0,1754980860,0
2025-08-12T12:12:00+05:30,24561.3,24561.85,24556.55,24559.45,0,1754980920,0
2025-08-12T12:13:00+05:30,24559.35,24566.65,24553.5,24559.95,0,1754980980,0
2025-08-12T12:14:00+05:30,24559.55,24564.95,24558.85,24561.75,0,1754981040,0
2025-08-12T12:15:00+05:30,24561.75,24565.4,24561.15,24564.05,0,1754981100,0
2025-08-12T12:16:00+05:30,24563.5,24563.95,24559.1,24561.35,0,1754981160,0
2025-08-12T12:17:00+05:30,24561.1,24581.95,24560.25,24580.35,0,1754981220,0
2025-08-12T12:18:00+05:30,24579.45,24581.8,24575.85,24579.4,0,1754981280,0
2025-08-12T12:19:00+05:30,24578.25,24599.35,24573.7,24599.35,0,1754981340,0
2025-08-12T12:20:00+05:30,24599.65,24605.05,24589.65,24604.85,0,1754981400,0
2025-08-12T12:21:00+05:30,24603.8,24607.7,24599.85,24606.05,0,1754981460,0
2025-08-12T12:22:00+05:30,24606.25,24606.25,24598.3,24604.25,0,1754981520,0
2025-08-12T12:23:00+05:30,24604.3,24618.3,24602.25,24616.8,0,1754981580,0
2025-08-12T12:24:00+05:30,24616.7,24618.9,24613.05,24617.8,0,1754981640,0
2025-08-12T12:25:00+05:30,24617.55,24623.6,24612.5,24622.1,0,1754981700,0
2025-08-12T12:26:00+05:30,24622.5,24623.05,24615.2,24615.85,0,1754981760,0
2025-08-12T12:27:00+05:30,24616.35,24622.4,24615.25,24617.75,0,1754981820,0
2025-08-12T12:28:00+05:30,24618.05,24618.45,24602.6,24603.85,0,1754981880,0
2025-08-12T12:29:00+05:30,24603,24604.5,24594.75,24604.5,0,1754981940,0
2025-08-12T12:30:00+05:30,24604.4,24616.45,24604.4,24613.75,0,1754982000,0
2025-08-12T12:31:00+05:30,24612.1,24618.05,24610.35,24616.5,0,1754982060,0
2025-08-12T12:32:00+05:30,24616.15,24625.95,24616.15,24624.3,0,1754982120,0
2025-08-12T12:33:00+05:30,24624.6,24625.5,24620.05,24620.75,0,1754982180,0
2025-08-12T12:34:00+05:30,24619.95,24622.75,24610.3,24614.7,0,1754982240,0
2025-08-12T12:35:00+05:30,24614.1,24625.25,24612.85,24623.8,0,1754982300,0
2025-08-12T12:36:00+05:30,24623.45,24633.3,24622.6,24628.35,0,1754982360,0
2025-08-12T12:37:00+05:30,24627.7,24633.9,24623.1,24632.5,0,1754982420,0
2025-08-12T12:38:00+05:30,24632,24638.3,24629.4,24634.9,0,1754982480,0
2025-08-12T12:39:00+05:30,24634.5,24638.85,24634.2,24637.4,0,1754982540,0
2025-08-12T12:40:00+05:30,24637,24640.35,24628.8,24631.7,0,1754982600,0
2025-08-12T12:41:00+05:30,24633.6,24636.95,24629.45,24634.55,0,1754982660,0
2025-08-12T12:42:00+05:30,24634.2,24636.05,24628.25,24635.2,0,1754982720,0
2025-08-12T12:43:00+05:30,24636.4,24636.4,24628.9,24630.25,0,1754982780,0
2025-08-12T12:44:00+05:30,24630.5,24635.1,24627.35,24631.7,0,1754982840,0
2025-08-12T12:45:00+05:30,24633.7,24633.7,24622.5,24622.5,0,1754982900,0
2025-08-12T12:46:00+05:30,24622.4,24630.75,24621.2,24628.25,0,1754982960,0
2025-08-12T12:47:00+05:30,24628.85,24629.95,24620.2,24620.2,0,1754983020,0
2025-08-12T12:48:00+05:30,24620.1,24620.55,24609.5,24609.95,0,1754983080,0
2025-08-12T12:49:00+05:30,24609.85,24614.1,24607.45,24611.85,0,1754983140,0
2025-08-12T12:50:00+05:30,24610.85,24616.1,24610.6,24612.2,0,1754983200,0
2025-08-12T12:51:00+05:30,24612.25,24616.45,24606.9,24609,0,1754983260,0
2025-08-12T12:52:00+05:30,24608.95,24609.2,24597.75,24608.15,0,1754983320,0
2025-08-12T12:53:00+05:30,24608.15,24611.05,24604.75,24606.2,0,1754983380,0
2025-08-12T12:54:00+05:30,24606.4,24607.35,24598.65,24598.65,0,1754983440,0
2025-08-12T12:55:00+05:30,24598.9,24603.3,24597.95,24602.65,0,1754983500,0
2025-08-12T12:56:00+05:30,24602.75,24603.3,24594.3,24595.65,0,1754983560,0
2025-08-12T12:57:00+05:30,24596.35,24596.8,24590,24595.55,0,1754983620,0
2025-08-12T12:58:00+05:30,24595.15,24599.8,24594.2,24597.95,0,1754983680,0
2025-08-12T12:59:00+05:30,24597.9,24601.35,24595.05,24595.05,0,1754983740,0
2025-08-12T13:00:00+05:30,24595.35,24598.65,24592.2,24598.4,0,1754983800,0
2025-08-12T13:01:00+05:30,24597.7,24602.35,24595.85,24600.75,0,1754983860,0
2025-08-12T13:02:00+05:30,24600.65,24612.35,24600.15,24611.6,0,1754983920,0
2025-08-12T13:03:00+05:30,24612.1,24619.7,24610.35,24611.6,0,1754983980,0
2025-08-12T13:04:00+05:30,24611.5,24614.75,24608.75,24614.1,0,1754984040,0
2025-08-12T13:05:00+05:30,24613.65,24615.35,24608.75,24612.1,0,1754984100,0
2025-08-12T13:06:00+05:30,24612.1,24612.1,24605.4,24606.25,0,1754984160,0
2025-08-12T13:07:00+05:30,24606.4,24607.1,24600.15,24607.1,0,1754984220,0
2025-08-12T13:08:00+05:30,24605.45,24606.15,24600.8,24604.05,0,1754984280,0
2025-08-12T13:09:00+05:30,24605.05,24608.8,24601.35,24607.1,0,1754984340,0
2025-08-12T13:10:00+05:30,24607.3,24610.95,24604.9,24608.9,0,1754984400,0
2025-08-12T13:11:00+05:30,24608.9,24609,24597.8,24600.4,0,1754984460,0
2025-08-12T13:12:00+05:30,24601.95,24604.05,24599.75,24604.05,0,1754984520,0
2025-08-12T13:13:00+05:30,24604.05,24606.75,24600.7,24603,0,1754984580,0
2025-08-12T13:14:00+05:30,24602.15,24605.35,24596.65,24597.2,0,1754984640,0
2025-08-12T13:15:00+05:30,24597.25,24597.25,24578,24582.2,0,1754984700,0
2025-08-12T13:16:00+05:30,24581.4,24584.8,24572.45,24577.75,0,1754984760,0
2025-08-12T13:17:00+05:30,24577.55,24579.4,24575.65,24577.6,0,1754984820,0
2025-08-12T13:18:00+05:30,24577.95,24579.45,24574.65,24574.65,0,1754984880,0
2025-08-12T13:19:00+05:30,24575.3,24581.15,24574.45,24576.75,0,1754984940,0
2025-08-12T13:20:00+05:30,24577.6,24584.7,24572.55,24583.45,0,1754985000,0
2025-08-12T13:21:00+05:30,24582.95,24585.6,24582.15,24585.05,0,1754985060,0
2025-08-12T13:22:00+05:30,24585.05,24585.05,24579.25,24583.2,0,1754985120,0
2025-08-12T13:23:00+05:30,24583.2,24585.3,24581.15,24581.85,0,1754985180,0
2025-08-12T13:24:00+05:30,24582.7,24582.7,24575.8,24579.5,0,1754985240,0
2025-08-12T13:25:00+05:30,24579.8,24581.95,24576.2,24580.8,0,1754985300,0
2025-08-12T13:26:00+05:30,24578.8,24580.8,24567.85,24571.55,0,1754985360,0
2025-08-12T13:27:00+05:30,24573.1,24573.1,24549.5,24566.05,0,1754985420,0
2025-08-12T13:28:00+05:30,24566.85,24569.55,24564.85,24568.8,0,1754985480,0
2025-08-12T13:29:00+05:30,24569,24576.5,24567.25,24574.75,0,1754985540,0
2025-08-12T13:30:00+05:30,24574.8,24579.15,24573.75,24577.2,0,1754985600,0
2025-08-12T13:31:00+05:30,24577.25,24577.25,24567.45,24570.2,0,1754985660,0
2025-08-12T13:32:00+05:30,24570.35,24570.6,24567.65,24569.25,0,1754985720,0
2025-08-12T13:33:00+05:30,24568.6,24569.85,24565.75,24565.75,0,1754985780,0
2025-08-12T13:34:00+05:30,24565.25,24568.75,24563.65,24565.7,0,1754985840,0
2025-08-12T13:35:00+05:30,24565.65,24568.1,24563,24567.9,0,1754985900,0
2025-08-12T13:36:00+05:30,24566.4,24568.4,24565,24566.25,0,1754985960,0
2025-08-12T13:37:00+05:30,24567,24568.25,24564.55,24567.95,0,1754986020,0
2025-08-12T13:38:00+05:30,24567.85,24571.35,24565.35,24570.8,0,1754986080,0
2025-08-12T13:39:00+05:30,24570.35,24574.4,24568.2,24572.55,0,1754986140,0
2025-08-12T13:40:00+05:30,24571.9,24572.25,24561.3,24562.6,0,1754986200,0
2025-08-12T13:41:00+05:30,24562.25,24564.4,24561,24562.05,0,1754986260,0
2025-08-12T13:42:00+05:30,24562.15,24563.9,24558.4,24561.5,0,1754986320,0
2025-08-12T13:43:00+05:30,24561.5,24569.3,24561.5,24565.2,0,1754986380,0
2025-08-12T13:44:00+05:30,24565.15,24566.8,24562.95,24564.9,0,1754986440,0
2025-08-12T13:45:00+05:30,24564.7,24569.95,24561.7,24567.6,0,1754986500,0
2025-08-12T13:46:00+05:30,24567.15,24571.6,24565.1,24570.6,0,1754986560,0
2025-08-12T13:47:00+05:30,24570.95,24577.7,24569.6,24576.7,0,1754986620,0
2025-08-12T13:48:00+05:30,24576.45,24576.45,24563.4,24563.4,0,1754986680,0
2025-08-12T13:49:00+05:30,24564.6,24567.15,24563.35,24565.7,0,1754986740,0
2025-08-12T13:50:00+05:30,24566.15,24569.05,24565.2,24566,0,1754986800,0
2025-08-12T13:51:00+05:30,24565.9,24569,24563.9,24567.55,0,1754986860,0
2025-08-12T13:52:00+05:30,24567.1,24576.8,24566.4,24575,0,1754986920,0
2025-08-12T13:53:00+05:30,24574.75,24575.2,24572,24573.75,0,1754986980,0
2025-08-12T13:54:00+05:30,24573.5,24577.15,24572.45,24575.45,0,1754987040,0
2025-08-12T13:55:00+05:30,24575.65,24576.1,24569.3,24574.05,0,1754987100,0
2025-08-12T13:56:00+05:30,24575.05,24576.35,24569.85,24571.4,0,1754987160,0
2025-08-12T13:57:00+05:30,24570.95,24584.4,24569.95,24584.3,0,1754987220,0
2025-08-12T13:58:00+05:30,24585.4,24604.7,24583.85,24604.7,0,1754987280,0
2025-08-12T13:59:00+05:30,24605.9,24607.6,24599.5,24603.55,0,1754987340,0
2025-08-12T14:00:00+05:30,24603.7,24606.15,24593.3,24598.45,0,1754987400,0
2025-08-12T14:01:00+05:30,24598.05,24598.1,24577.5,24577.5,0,1754987460,0
2025-08-12T14:02:00+05:30,24577.25,24578.05,24571.55,24575.45,0,1754987520,0
2025-08-12T14:03:00+05:30,24575.65,24576.45,24570.05,24571.35,0,1754987580,0
2025-08-12T14:04:00+05:30,24571.75,24571.85,24561.1,24561.5,0,1754987640,0
2025-08-12T14:05:00+05:30,24561.75,24563.4,24556.7,24558.75,0,1754987700,0
2025-08-12T14:06:00+05:30,24558.55,24560.7,24552.5,24553.4,0,1754987760,0
2025-08-12T14:07:00+05:30,24553.65,24564.05,24552.55,24558.7,0,1754987820,0
2025-08-12T14:08:00+05:30,24559.6,24562.05,24555.9,24556,0,1754987880,0
2025-08-12T14:09:00+05:30,24555.3,24556.3,24552.25,24552.25,0,1754987940,0
2025-08-12T14:10:00+05:30,24552.9,24552.9,24539.95,24549.65,0,1754988000,0
2025-08-12T14:11:00+05:30,24549.2,24551.65,24546.7,24547.55,0,1754988060,0
2025-08-12T14:12:00+05:30,24547.05,24547.05,24534.85,24536.7,0,1754988120,0
2025-08-12T14:13:00+05:30,24536.55,24539.15,24535.05,24537.65,0,1754988180,0
2025-08-12T14:14:00+05:30,24537.75,24547.75,24537.7,24542.65,0,1754988240,0
2025-08-12T14:15:00+05:30,24544.05,24544.05,24527.400390625,24528.4,0,1754988300,0
2025-08-12T14:16:00+05:30,24529.15,24530.55,24522.30078125,24530.55,0,1754988360,0
2025-08-12T14:17:00+05:30,24531.35,24533.2,24524.25,24526.85,0,1754988420,0
2025-08-12T14:18:00+05:30,24526.85,24531.35,24526.05,24527.5,0,1754988480,0
2025-08-12T14:19:00+05:30,24527.15,24548.25,24527.15,24533.15,0,1754988540,0
2025-08-12T14:20:00+05:30,24533.05,24534.45,24526.45,24527.25,0,1754988600,0
2025-08-12T14:21:00+05:30,24526.9,24533.95,24526.4,24533.95,0,1754988660,0
2025-08-12T14:22:00+05:30,24533.95,24545.35,24533.85,24544.95,0,1754988720,0
2025-08-12T14:23:00+05:30,24545.05,24550.1,24539.4,24539.95,0,1754988780,0
2025-08-12T14:24:00+05:30,24540.25,24544.05,24538.1,24539,0,1754988840,0
2025-08-12T14:25:00+05:30,24539.05,24549.3,24537.85,24545.1,0,1754988900,0
2025-08-12T14:26:00+05:30,24544.85,24562.3,24544.85,24546.5,0,1754988960,0
2025-08-12T14:27:00+05:30,24546.9,24549.3,24545.2,24546.8,0,1754989020,0
2025-08-12T14:28:00+05:30,24546.3,24546.6,24538.75,24540.8,0,1754989080,0
2025-08-12T14:29:00+05:30,24542.8,24546.5,24540.05,24544.9,0,1754989140,0
2025-08-12T14:30:00+05:30,24544.8,24544.8,24533,24533.4,0,1754989200,0
2025-08-12T14:31:00+05:30,24533.25,24535.4,24526.35,24526.85,0,1754989260,0
2025-08-12T14:32:00+05:30,24527.1,24527.1,24522.75,24522.75,0,1754989320,0
2025-08-12T14:33:00+05:30,24522.25,24529.45,24521.849609375,24523.7,0,1754989380,0
2025-08-12T14:34:00+05:30,24522.85,24523.25,24518,24519.3,0,1754989440,0
2025-08-12T14:35:00+05:30,24519.15,24522.25,24517.099609375,24518.5,0,1754989500,0
2025-08-12T14:36:00+05:30,24517.1,24525.2,24516.400390625,24523.75,0,1754989560,0
2025-08-12T14:37:00+05:30,24524.55,24530.9,24522.4,24529.25,0,1754989620,0
2025-08-12T14:38:00+05:30,24529.15,24531.05,24526.85,24527.7,0,1754989680,0
2025-08-12T14:39:00+05:30,24527.25,24533.85,24526.05,24531.05,0,1754989740,0
2025-08-12T14:40:00+05:30,24531.15,24531.15,24523,24523.6,0,1754989800,0
2025-08-12T14:41:00+05:30,24522.85,24523.1,24500.55078125,24505.7,0,1754989860,0
2025-08-12T14:42:00+05:30,24506.9,24518.15,24506.55,24513.3,0,1754989920,0
2025-08-12T14:43:00+05:30,24513.1,24513.6,24507.35,24510.45,0,1754989980,0
2025-08-12T14:44:00+05:30,24510.4,24517,24506.65,24507.45,0,1754990040,0
2025-08-12T14:45:00+05:30,24507.25,24508.15,24503.3,24504.4,0,1754990100,0
2025-08-12T14:46:00+05:30,24505.1,24510.55,24504.3,24505.7,0,1754990160,0
2025-08-12T14:47:00+05:30,24505.45,24511.75,24505.15,24507.75,0,1754990220,0
2025-08-12T14:48:00+05:30,24507.65,24511.35,24506.7,24511.05,0,1754990280,0
2025-08-12T14:49:00+05:30,24510.3,24511.8,24493.150390625,24495.3,0,1754990340,0
2025-08-12T14:50:00+05:30,24495.2,24495.6,24481.5,24494.25,0,1754990400,0
2025-08-12T14:51:00+05:30,24493.65,24496.9,24490.15,24494.5,0,1754990460,0
2025-08-12T14:52:00+05:30,24494.65,24497.45,24489.2,24492.35,0,1754990520,0
2025-08-12T14:53:00+05:30,24492.3,24503.2,24491.35,24496.9,0,1754990580,0
2025-08-12T14:54:00+05:30,24497.5,24497.5,24489.7,24492.5,0,1754990640,0
2025-08-12T14:55:00+05:30,24492.7,24494.25,24489.1,24491.75,0,1754990700,0
2025-08-12T14:56:00+05:30,24492.55,24502.05,24492.2,24500.5,0,1754990760,0
2025-08-12T14:57:00+05:30,24500.7,24524.65,24499.4,24524.45,0,1754990820,0
2025-08-12T14:58:00+05:30,24523,24523,24497.25,24500.1,0,1754990880,0
2025-08-12T14:59:00+05:30,24500.6,24505.45,24496.15,24499.75,0,1754990940,0
2025-08-12T15:00:00+05:30,24501.1,24503.8,24491.15,24491.4,0,1754991000,0
2025-08-12T15:01:00+05:30,24491.25,24500.05,24490.3,24494.15,0,1754991060,0
2025-08-12T15:02:00+05:30,24494.2,24495.35,24475.099609375,24479.55,0,1754991120,0
2025-08-12T15:03:00+05:30,24479.35,24482.1,24465.650390625,24469.95,0,1754991180,0
2025-08-12T15:04:00+05:30,24470.3,24476.65,24470,24470.75,0,1754991240,0
2025-08-12T15:05:00+05:30,24472.75,24475.25,24471.5,24473.6,0,1754991300,0
2025-08-12T15:06:00+05:30,24475.2,24485.3,24474.6,24484.2,0,1754991360,0
2025-08-12T15:07:00+05:30,24484.9,24486.8,24480.05,24481.05,0,1754991420,0
2025-08-12T15:08:00+05:30,24483.15,24487.25,24481.15,24486.75,0,1754991480,0
2025-08-12T15:09:00+05:30,24487.6,24491.55,24485.8,24487.9,0,1754991540,0
2025-08-12T15:10:00+05:30,24490.2,24494.15,24484.6,24486.55,0,1754991600,0
2025-08-12T15:11:00+05:30,24487.3,24494.25,24486.35,24493.5,0,1754991660,0
2025-08-12T15:12:00+05:30,24494.3,24499.05,24491.2,24494.45,0,1754991720,0
2025-08-12T15:13:00+05:30,24493.5,24494.8,24487.25,24488.25,0,1754991780,0
2025-08-12T15:14:00+05:30,24488.9,24490.25,24486.7,24490.25,0,1754991840,0
2025-08-12T15:15:00+05:30,24490.85,24501.2,24490.85,24497.85,0,1754991900,0
2025-08-12T15:16:00+05:30,24498.75,24499.5,24488.45,24490.25,0,1754991960,0
2025-08-12T15:17:00+05:30,24490.65,24493.95,24485.4,24487.85,0,1754992020,0
2025-08-12T15:18:00+05:30,24488.6,24491.3,24485.25,24488.6,0,1754992080,0
2025-08-12T15:19:00+05:30,24489.15,24491.75,24486.85,24490.1,0,1754992140,0
2025-08-12T15:20:00+05:30,24490.75,24493.35,24487.75,24488.6,0,1754992200,0
2025-08-12T15:21:00+05:30,24491,24495,24487.3,24493.45,0,1754992260,0
2025-08-12T15:22:00+05:30,24494.35,24495.05,24486.45,24487.3,0,1754992320,0
2025-08-12T15:23:00+05:30,24487.5,24491,24484.8,24490.9,0,1754992380,0
2025-08-12T15:24:00+05:30,24491.4,24496.35,24488.3,24493.8,0,1754992440,0
2025-08-12T15:25:00+05:30,24493.4,24494.75,24489.95,24491.4,0,1754992500,0
2025-08-12T15:26:00+05:30,24491.15,24491.65,24482.8,24484.25,0,1754992560,0
2025-08-12T15:27:00+05:30,24484.85,24487.65,24482.95,24486.85,0,1754992620,0
2025-08-12T15:28:00+05:30,24487.25,24487.25,24478.15,24481.35,0,1754992680,0
2025-08-12T15:29:00+05:30,24480.6,24489.2,24477.75,24485.85,0,1754992740,0
2025-08-12T15:30:00+05:30,24485.85,24485.85,24485.85,24485.85,0,1754992800,0
2025-08-12T15:52:00+05:30,24487.4,24487.4,24487.4,24487.4,0,1754994120,0
